板块名,标题,作者,日期,新闻内容
证券,*ST华仪:麻烦缠身“掌门人”频频引退,证券市场红周刊,2023年06月17日 22:40,近期，因净资产为负值再次戴星的（维权），因违规受到监管层的公开处罚。而在公开处罚公告推出后，*ST华仪的股价应声大跌。目前，*ST华仪已行至面值退市边缘。6月14日，*ST华仪连发三份公告，其中有两份与公司信披违规有关，一份涉及*ST华仪时任董事长陈建山，一份涉及时任财务总监崔子剑。公告显示，*ST华仪于2023年3月2日披露了关于公司及子公司金融机构贷款逾期的公告，公司向股份有限公司乐清市支行和股份有限公司温州乐清市支行等四家银行的借款均已逾期，并且违约金额均已达到临时公告披露标准，但公司并未及时披露，违反了相关规定。因此，上交所对*ST华仪和陈建山均予以通报批评，对崔子剑则因*ST华仪向中国银行股份有限公司乐清市支行的借款逾期未及时披露予以监管警示。最后一份公告也与陈建山有关。据公告，*ST华仪董事会于6月14日收到陈建山的辞职报告，其因个人原因申请辞去公司董事、董事长、法定代表人等多个职务。这样的情形曾在2021年预演。2021年6月8日，*ST华仪公告称，公司在2017年至2019年存在未按规定披露关联方非经营性资金占用情况、未按规定披露关联担保情况以及未披露违规使用募集资金情况。因此，中国证券监督管理委员会浙江监管局决定对*ST华仪、时任董事长陈孟列、时任副董事长范志实等多人给予警告，并处以相应的罚款，并对陈孟列等人采取10年证券市场禁入措施。在这不久后的6月14日，*ST华仪随即发布公告称，陈孟列向公司董事会递交了辞职报告，辞职申请自送达公司董事会时生效。基于以上违法事实，根据相关司法解释，如果投资者在2018年4月10日至2019年11月24日期间买入*ST华仪，并在2019年11月25日后卖出或仍持有并曾产生一定浮亏（无论是否解套）均可发起索赔，您只需将姓名、联系电话与交易记录（建议为Excel文件）发送到weiquan@hongzhoukan.com的邮箱，参与由《证券市场红周刊》“民间维权”栏目组织的索赔征集活动，以维护自身合法权益。广大投资者在获得赔偿前无需支付任何律师费用。多种利空消息袭来，*ST华仪离面值退市也越来越近。数据显示，自2021年*ST华仪遭遇行政处罚风波以来，公司股价在当年9月盘中创下了3.88元/股的阶段高点，此后便走起了下坡路，至2023年3月底更是降至2元/股以下。2023年5月26日，*ST华仪披露了关于涉及诉讼的公告，中国股份有限公司乐清市支行为原告，申请依法判令公司偿付借款本金、期内利息等，公司股价再次下跌，并罕见的录得4个连续一字跌停板。如今，在披露监管层的纪律处分决定、以及董事长引退之后，*ST华仪股价再次应声大跌3.52%，截至6月15日收盘，报1.37元/股，距离1元/股仅一步之遥。当然，*ST华仪市场表现不佳，或与公司基本面也有一定的关联。据公告，在2021年度和2022年度，*ST华仪分别实现归母净利润-8.36亿元和-4.85亿元。对于业绩表现不佳，*ST华仪在业绩预亏公告中表示，这均与公司为原控股股东提供担保有关，两个年度涉及的损益金额均在1亿元以上。2023年一季度，*ST华仪再度录得亏损0.59亿元。而这也成为了*ST华仪摘星最终未果的主要原因。据梳理，*ST华仪由于在2018年度、2019年度的归母净利润均为负值，分别为-0.83亿元和-29.15亿元，触及了相关规定，股票简称由“ST华仪”变更为“*ST华仪”。但在2020年度，*ST华仪实现归母净利润0.34亿元，同比增长101.37%。因此，*ST华仪在2021年4月26日推出了向上交所申请撤销对公司股票实施的退市风险警示并实施其他风险警示的公告。在当年的5月17日，公司的股票简称也确实由“*ST华仪”变更为“ST华仪”。但*ST华仪最近两年业绩连续的亏损，导致公司的净资产严重缩水，截至2022年度末，公司的净资产更是变为负值。也因此，公司的股票简称在2023年5月4日，再次由原来的“ST华仪”变更为“*ST华仪”。对于相关事项后续进展，《红周刊》将保持持续关注。责任编辑：张恒星SF142
2023亚布力论坛创新年会,陈东升：企业家一定要保持市场的敏锐，要到一线去,睿见Economy,2023年06月17日 22:33,2023年亚布力论坛第九届创新年会将于6月17日-18日在山西太原召开。新东方教育科技集团董事长俞敏洪与泰康保险集团股份有限公司创始人、董事长兼CEO陈东升展开对话。陈东升强调，企业家一定要保持市场的敏感、敏锐，要走到一线去，与客户和员工在一起。“我们老板当大了，不能总在办公室，总理说的一句话太对了，说‘在办公室都是问题，在实践中都是办法’，这句话说到我们心里去了”。陈东升说，所有的智慧都是在实践中出来的，没有固定的模式。他以自己的创业经历举例。“我一生是高举高打的，比如我做保险的时候，走了二十几个国家、三十个保险公司。我在日本生命待了十天，就像一个学生，他们来给我培训。我把全世界的保险公司走了一遍”。虽然泰康人寿的规模早已超过上述企业，而陈东升将这归为“大水大鱼”，他说，只有大市场才能产生超级公司。陈东升还强调了榜样和精神的力量。“我这次去美国，第一个是去看格林伯格先生，他是保险界的泰斗。我今天可能已经超过他了，但是不能说比他好。在我成长的过程中，他是我的榜样”。格林伯格是美国保险业的传奇人物，被称为世界金融保险教父，是美国保险业的最有影响力的领袖之一。陈东升强调，做企业就要向标杆学习，还要参加各种活动，进行脑力激荡。“想法、创新都是交流出来的，竞争是最伟大的，开放是最伟大的，还有就是一定要学习”。新浪声明：所有会议实录均为现场速记整理，未经演讲者审阅，新浪网登载此文出于传递更多信息之目的，并不意味着赞同其观点或证实其描述。责任编辑：梁斌SF055
美股,埃尔多安：新经济团队首要任务是把通胀降至个位数,环球市场播报,2023年06月17日 22:31,埃尔多安在周六的电视讲话中表示：“我们将把通胀降至个位数，这将是新经济团队的首要任务。”土耳其5月通货膨胀率为39.6%，16个月来首次降至40%以下。土耳其2022年经济运行面临胀压力，去年10月通胀率达85.51%，为24年来最高。与其他国家通常以加息应对通胀不同，土耳其中央银行多次宣布降息以期促进经济增长。此举导致大量资金从外国债券和股票投资者手中流出。为了保持里拉的稳定，土耳其中央银行已经耗尽了大部分储备。今年以来，土耳其里拉兑美元汇率仍下跌逾20%。投资者正在观望新的财政部长穆罕默德·西姆塞克和央行行长哈菲泽·盖尔·埃尔坎是否会结束埃尔多安此前的经济政策，其中包括通过幕后干预来支撑里拉，并将利率保持在远低于通胀水平的水平。土耳其央行将于6月22日召开利率制定会议。责任编辑：李桐
2023亚布力论坛创新年会,俞敏洪：企业家读MBA没用，很多人读完后企业越做越小,睿见Economy,2023年06月17日 22:28,2023年亚布力论坛第九届创新年会将于6月17日-18日在山西太原召开。新东方教育科技集团董事长俞敏洪与泰康保险集团股份有限公司创始人、董事长兼CEO陈东升展开对话。俞敏洪表示，企业家应该多到沿海企业去学习，如果不看、不走、不体会，就没法感觉到企业管理以及观念之间的差距。“这种差距和区别不是靠读个MBA或者EMBA能带来的，我认为MBA、EMBA尽管有一定的用处，对管理者是有用处的，但是对企业家的用处等于零，好多人去学MBA、EMBA，最后企业越做越小，因为脑袋里产生的管理是条条框框的，而企业家就应该天马行空、不务正业”。“你要去看看别人怎么干，沿海企业怎么干，曹德旺怎么干，董明珠怎么干，阿里巴巴怎么干，腾讯怎么干，还可以跑到国外找几个最优秀的企业学习”，俞敏洪建议。新浪声明：所有会议实录均为现场速记整理，未经演讲者审阅，新浪网登载此文出于传递更多信息之目的，并不意味着赞同其观点或证实其描述。责任编辑：梁斌SF055
国内财经,美国债务规模首次超过32万亿美元！占GDP比例已超120%，每个美国人负债超9.4万美元,每日经济新闻,2023年06月17日 22:22,每经编辑张锦河据央视援引美国《纽约时报》当地时间16日报道，美国财政部最新公布的数据显示，美国国债首次超过32万亿美元（约228亿元人民币），这比此前预测的提早了9年。美国彼得·彼得森基金会的预测显示，在未来30年，美国将增加127万亿美元的债务。到2053年，利息成本将消耗近40%的联邦财政收入。本月初，一项关于美国联邦政府债务上限和预算的法案生效，暂时避免了美国政府陷入债务违约。但美国经济学家马克·赞迪表示，这不能从根本上解决美国政府的债务上限危机，美国面临的长期财政挑战依然存在。当地时间6月3日，美国总统拜登签署一项关于联邦政府债务上限和预算的法案，使其正式生效，暂时避免了美国政府陷入债务违约。该法案暂缓债务上限生效至2025年年初，并对2024财年和2025财年的开支进行限制。该法案暂缓债务上限生效至2025年年初，并对2024财年和2025财年的开支进行限制。按照立法程序，法案将在总统拜登签字后生效。债务上限是美国国会为联邦政府设定的为履行已产生的支付义务而举债的最高额度。美国政府今年1月19日已触及31.4万亿美元的债务上限。据美国国会相关部门统计，仅2001年以来，国会对债务上限的调整就超过20次。美国政府自20世纪80年代起大量举债。1985年，美国从净债权国变为净债务国，此后债务规模不断攀升。美国彼得·彼得森基金会首席执行官迈克尔·彼得森指出，联邦债务不断累积是两党在财政问题上多次“不负责任”的结果。1976年至今，美国已因债务上限问题发生过约20次或长或短的政府“停摆”。《金融时报》首席经济评论员马丁·沃尔夫指出，美国两党制造的荒诞闹剧严重冲击美国信誉。这样的闹剧反复上演，使美国债务问题导致金融系统崩溃的可能性大增，会对全球经济造成巨大冲击。据新华社，对于美国债务问题，日本无限合同会社首席经济师田代秀敏日前接受记者专访时表示，债务上限法案难以消除世界对于美国债务问题的“不安感”。田代说：“该法案以民主党削减开支为代价，共和党人尝到把债务上限作为政治工具的甜头。未来，这种操作还会继续。当执政党不能满足削减财政开支要求时，美国政府就会出现债务违约。”田代认为，美债问题的根源在于美元霸权，只要美国从外国借入的是美元，就可以通过大量印刷美元直接偿还外债，稀释外债负担，“形成美国以极低成本借贷、举债成瘾的可怕体系”。田代表示，美债危机暴露美元霸权本质，美国将债务上限问题当作党争工具是对债权国的不负责任。他认为，把债务上限作为党争工具，会对经济产生恶劣影响。短期内，造成汇率与股价剧烈震荡。长期看，将动摇世界对美债的信心，一旦大量持有者选择抛售，美债价格必将大跌。“美国一直以来都犯了一个巨大错误，即认为有美元霸权兜底，美债就不愁卖。而此次美国债务上限危机再次向世界暴露了美债的高度不稳定性，给美国狠狠上了一课。”田代说。“美国过度依赖超高债务的霸权模式，不是能否维持下去的问题，而是何时维持不下去的问题。”他说。目前美国联邦债务规模约为31.46万亿美元，占其国内生产总值比例已超过120%，相当于每个美国人负债9.4万美元（约66.98万人民币）。田代表示，在美国政府债台高筑的当下，拜登政府还在为贸易保护主义与“脱钩断链”砸钱，向在美国本土制造半导体与电动汽车的企业提供巨额补贴等，进一步加重财政负担。他认为，美国应以谨慎负责的态度处理美债问题，确保债权国利益不受损害。每日经济新闻综合自央视新闻、新华社责任编辑：张恒星SF142
证券,领完年终奖就“撤退”？6月以来近20位基金经理离职！,中证报,2023年06月17日 22:21,张韵公募基金公司年终奖发放期，基金经理离职动向频频。6月17日，多家基金公司公告称，旗下有基金经理已离职，并在中国基金业协会办理注销手续。6月以来，基金经理离职公告频频出现，据Wind数据，截至记者发稿时，离职的基金经理数量已接近20人。6月17日，中邮基金、富安达基金、南方基金等多家基金公司发布公告称，旗下有基金经理已于6月16日离职。公告显示，不少人一次性“清仓式”卸任多只产品的基金经理。中邮基金公告称，基金经理任慧峰于6月16日起离任中邮趋势精选、中邮价值精选、中邮风格轮动、中邮核心竞争力、中邮睿泽一年持有等5只产品基金经理，并已在中国基金业协会办理注销手续。富安达基金公告称，基金经理吴战峰于6月16日起离任富安达优势成长、富安达消费主题、富创新、富安达长三角区域主题、富安达成长价值一年持有、富安达稳健配置6个月持有等6只产品的基金经理。南方基金公告称，萧嘉倩于6月16日起不再担任旗下南方产业智选股票的基金经理，并已在中国基金业协会办理注销手续。值得注意的是，6月以来，基金经理离职公告频频出现。据Wind数据，截至记者发稿，6月以来已有17家公募基金公司（含券商资管）出现基金经理离职，离职的基金经理近20人。从离职情况来看，增聘似乎已然成为这些基金经理离职的前兆。在出现基金经理离职的产品中，不少基金近期都出现增聘基金经理的动作，且多只基金在原基金经理离职后交由增聘者管理。例如，任慧峰离任的5只产品中，有4只均交由月初增聘的基金经理接管；吴战峰离任的6只产品则全部交由月初增聘的基金经理管理；萧嘉倩离任产品亦是交由4月份增聘的基金经理管理。本周内离职的大成基金李富强、国投瑞银基金吴潇，离任产品也多交由不久前增聘的基金经理接管。据业内人士介绍，4月至6月通常是公募基金公司发放年终奖的集中期，不少有离职意向的基金经理会选择在领完年终奖后走离职流程，因此，此时往往也是基金经理离职的高峰期。中国证券报记者求证后获悉，近期确实有基金经理离职时间点恰好在年终奖发放之后。Wind数据显示，离职的基金经理中，不少基金经理任职期内取得较为可观的回报。以李富强为例，其此前在管产品全部实现任职内正回报，吴潇管理的国投瑞银瑞盈混合（LOF）任职回报超过140%。业内人士分析称，绩优基金经理通常都是市场上的“香饽饽”，业绩跑出来后往往会受到同行的关注，当给出的待遇条件比原有公司更有吸引力时，自然就会容易引发基金经理跳槽。有公募人士举例说，像绩效是否具有市场竞争力、是否有股权激励、考核压力大小等，都是基金经理职业选择的重要考虑因素。也有公募人士表示，当管理业绩长期表现欠佳，出于公司考核压力和优胜劣汰机制，或者基金经理身心状态等原因，也会出现部分基金经理或主动或被动离开公司。此外，公司投研氛围、自身创业规划也是部分基金经理离职的原因。有公募人士举例说，对于赛道型基金经理而言，有相应赛道完备投研团队的公司，往往会成为他们的首选。根据《公开募集证券投资基金管理人监督管理办法》及相关规定，基金经理离职后并不能立即在“新东家”开始管理产品，跳槽至公募的需要面临6个月静默期，而跳槽至私募的则需要面临1年的静默期。对此，业内人士认为，静默期的规定使得基金经理跳槽成本提高，一定程度上能够有助于减少基金经理的频繁流动。对于跳槽，基金经理应予以审慎决定，虽然待遇是个重要因素，但由于不同基金公司投研文化有所差异，其实并非所有人都能适应。此前就有基金经理跳槽后，又再次回到“老东家”。基金经理离任后，谁来扛旗？从基金接管情况来看，不少“新生代”（任职不足3年）基金经理成了接棒人。任慧峰离任的中邮核心竞争力、中邮价值精选分别交由6月8日增聘的“新生代”江刘玮、马姝丽管理；吴战峰管理的富安达成长价值一年持有、富安达稳健配置6个月持有也将由“新生代”接管。“新生代”基金经理加速亮相已成为近年来基金业的一大特点。据Wind数据统计，截至记者发稿，2023年以来首度管理产品的基金经理已经超过200人。在3400余名基金经理的庞大队伍中，“新生代”基金经理人数占比已达到47.7%，占据近半壁江山。有业内人士认为，“新生代”基金经理受传统投资风格的桎梏较少，有时反而可以更灵活地应对市场变化，加上“初生牛犊不怕虎”，有时或许还能获取更高收益。此前就不乏“新生代”基金经理亮相后即迎来高光时刻。不过，该业内人士提示，由于“新生代”基金经理从业年限尚短，尚未经历过完整的市场牛熊周期，在风险回撤控制上，可能需要特别注意。责任编辑：张恒星SF142
证券,逆势布局！多只基金勇做“逆行者”，市场迎来上佳击球点？,中证报,2023年06月17日 22:20,魏昭宇6月17日，外商独资公募路博迈基金发布公告称，路博迈中国机遇混合正式成立，首募4.33亿元，有效认购总户数11788户。据悉，路博迈中国机遇混合是路博迈基金的首只权益产品，也是路博迈基金自去年获批展业以来成立的第二只公募产品。产品资料显示，该基金由公司副总经理、权益CIO魏晓雪担纲。近期，多只权益类基金发布成立公告或放开限购，热情迎客。业内人士认为，今年以来，市场一直围绕着3200点兜兜转转，不少公司在此时点选择发行权益产品，一部分原因是瞄准了震荡市中低位布局的机会，从过往数据来看，新基金低点入市可能更容易做出长期超额收益。5月份，由于市场持续震荡，公募基金发行步入“冰点”。但除了路博迈基金，还有多家基金公司选择做冰点阶段的“逆行者”，并取得了不错的募集成绩。例如，6月14日，工银瑞信基金发布工银瑞信领航三年持有期混合基金合同生效公告，基金募集规模接近18亿元。6月12日，多位渠道人士向记者透露，截至当日，中信保诚远见成长混合募集规模已超10亿元。此外，央企主题基金产品也在近期受到了市场的较高关注度。例如，6月16日，南方基金公告称，截至6月15日，南方中证国新央企科技引领ETF募集期间内的有效认购申请已超过募集规模上限20亿元，基金将对募集期内的有效认购申请采用“全程比例确认”的方式给予部分确认。与此同时，多只主动权益基金放开限购“迎客”，并逆势布局。比如，6月13日，知名绩优基金经理林英睿管理的广发多策略、广发睿毅领先、广发价值领先、广发聚富等产品均放宽申购，将投资者单日单个基金账户申购及转换转入基金的业务限额由此前的10万元提升至500万元。同日，鲍无可管理的景顺长城沪港深精选股票基金恢复接受200万元以上的大额申购；赵诣管理的泉果旭源三年持有期，自6月13日起恢复申购并开放定期定额投资业务，将大额申购上限定为5万元。谈到当下的“冰点”时刻，魏晓雪说：“我们相信这是挑战，也是机遇，经济复苏的内生动能已逐步显现，市场信心也将逐渐修复，积累的各类政策效应也将体现，中国新的发展阶段即将来临，我们感到兴奋、充满激情，但也时刻保持客观、抱有敬畏之心。”在路博迈首席市场策略师朱冰倩看来，到了下半年，居民的收入逐步提升，同时累积因素逐步体现，整个收入和消费会形成一个正循环。而在地产端，不管是供给端还是需求端已经有很多政策出台，这些政策累积起来会有一些积极的因素产生。“从这些因素来说，我们觉得整个的内生动能其实已经初步显现出来，这会带来一些海外增量资金的进入，对于未来的A股市场有一个比较明显的支撑。”朱冰倩表示。中信保诚基金权益投资总监王睿表示，A股当前点位应持积极乐观态度。经济自发复苏不会一蹴而就，但趋势和方向没有变化，部分微观结构上的反馈也没有市场表现得这么悲观。短期可关注顺周期领域超跌的机会，同时，现在位置上长期还是相对看好成长股。对于市场关注度很高的人工智能等方向，将保持高强度研究和跟踪。在业内人士看来，基金行业向来存在“好发不好做，好做不好发”的说法，在基金发行“冰点期”逆向布局，能够提升投资胜率。据Choice数据，2013年1月至今年5月的125个月中，共有25个月的混合型基金月度平均发行份额低于5亿份，若将这25个月定义为“冰点期”，在过去10年的任一“冰点期”买入基金，持有三年的平均收益均为正，且有多只基金获得翻倍以上收益。责任编辑：张恒星SF142
2023亚布力论坛创新年会,东方白酒要来了？俞敏洪回应：这是有可能的,睿见Economy,2023年06月17日 22:19,2023年亚布力论坛第九届创新年会于6月17日-18日在山西太原召开。本次大会的主题是：“开放创新转型——高质量发展的方向与路径”。17日晚，亚布力中国企业家论坛轮值主席，新东方教育科技集团董事长俞敏洪与亚布力中国企业家论坛理事长，泰康保险集团股份有限公司创始人、董事长兼CEO陈东升共同探讨“新时代企业家精神：传承与发展”。主持人宋立新提问，如果俞敏洪和陈东升现在合作做一个公司，你们准备做什么样的内容？对此，俞敏洪表示，已经不想做公司了，想退休了。如果要做的话，肯定跟东升做一个能够吃喝玩乐的公司，这样符合作为老年人生活的情趣和乐趣，如果他还想做保险，老子就不跟他干。宋立新则称，俞敏洪说话总是有玄机的，上次在亚布力问他，如果下辈子他不做企业家想做什么，他说他想去流浪，想去旅行，然后马上就出了一个东方文旅。今天就听他说，当你要打开思路的时候，桌上要放二两白酒，然后他说他要跟东升搞一个吃喝玩乐的公司，所以觉得东方白酒可能在第四个板块也不远了，大家可以关注。“这是有可能的”俞敏洪回应。新浪声明：所有会议实录均为现场速记整理，未经演讲者审阅，新浪网登载此文出于传递更多信息之目的，并不意味着赞同其观点或证实其描述。责任编辑：邓健
美股,Cava成功IPO两天便跌破发行价 CEO大谈跨州扩张的“宏伟计划”,环球市场播报,2023年06月17日 22:15,刚刚美股成功上市的地中海休闲快餐连锁店Cava的首席执行官为这家新上市的公司制定了宏伟计划。“美国大陆有26个州没有我们的业务。我们期待着进入这些州。其中之一就是伊利诺斯州。芝加哥是我们说过明年要扩张的地方，然后我们将继续在22个州的足迹中发展，”首席执行说。该公司IPO于周四开始交易，成为2023年美股上市的第10家公司，同时可能提振其他餐饮类股。Cava在首日交易中上涨超过88%，但在本周结束时回落至发行价以下，跌幅为13%。截至4月16日，Cava共有263家餐厅，该餐厅计划在2023年再新开34-44家门店，并预期到2032年，全美门店总数将达到1000家。责任编辑：李桐
社会万象,团伙派上百人专偷7岁以上孩子器官？公安部追查多案传谣者,北京日报客户端,2023年06月17日 22:09,
2023亚布力论坛创新年会,俞敏洪：遇到困难要自得其乐，老婆跟你离婚，不是给你找新姑娘的机会吗？,睿见Economy,2023年06月17日 22:09,2023年亚布力论坛第九届创新年会将于6月17日-18日在山西太原召开。新东方教育科技集团董事长俞敏洪与泰康保险集团股份有限公司创始人、董事长兼CEO陈东升展开对话。在被问及有什么经验能够帮助创业者尽快地走出困难和挫折，俞敏洪表示，第一，要学会自得其乐。“不管遇到困难还是没有困难，你要始终相信任何一件事情的发生，只要你的命还在，老天一定会再给你一个新的机会。如果你的老婆跟你离婚了，不就是给你找新姑娘的机会吗？想那么多干吗呀”。“不要想这个世界上只有一个人你可以爱，这个世界爱你和你爱的人可以有很多个，只不过在一个时间段只能选择一个而已”，他举例说。第二，要寻找出路。俞敏洪说，出路肯定不只一条。“没有任何人能够告诉你出路在哪里，因为出路就在你自己的脚下，往什么方向走是你自己的选择”。第三，建立正能量朋友圈。“如果你老婆天天骂你，跟你吵架，最后你怎么受得了呢？”，俞敏洪举例说，“你要有一个朋友圈，最好是你的合作伙伴，大家一起共同奋发”。“为什么我在最困难的时候没有崩溃掉？因为我周围这些战友坚守在我身边，从年轻的到跟我同样年龄的，董宇辉在那个情况下他们都没走，就说俞老师，我相信我们一定能够找到出路的，我们一起想，一起共同努力，一起奋斗”，俞敏洪回忆说，“面对这种情况，你怎么可能还会失望呢？”新浪声明：所有会议实录均为现场速记整理，未经演讲者审阅，新浪网登载此文出于传递更多信息之目的，并不意味着赞同其观点或证实其描述。责任编辑：梁斌SF055
2023亚布力论坛创新年会,俞敏洪：新东方肯定会做出文旅板块,睿见Economy,2023年06月17日 22:04,2023年亚布力论坛第九届创新年会将于6月17日-18日在山西太原召开。新东方教育科技集团董事长俞敏洪与泰康保险集团股份有限公司创始人、董事长兼CEO陈东升展开对话。谈及企业的永续经营和传承，俞敏洪指出，第一，制度层面。只有国家的制度层面能保证企业发展，企业才会发展。第二，企业自律。如果企业做了违法乱纪的事情或者是做了冒进的事情，出现了风险，就怪不了任何人，比如雷曼兄弟公司。第三，企业的创新能力和不断建立新的曲线的能力。俞敏洪说，今天的微软已经不是昨天的微软了，只要企业存在，无论怎么转型都是好的。“过了五十年，可能陈东升的传承人已经在做教育了，我的传承人可能在做养老了，谁知道呢？”。第四，传承计划。在俞敏洪看来，企业的传承计划通常有两种，一是家族传承，二是管理人传承。“新东方未来一定是管理人传承，原因是我从来没有打算让我的孩子去传承新东方的事业，包括新东方的教育板块和刚刚做出来的东方甄选板块，以及未来我们肯定做出来的新东方文旅板块”，俞敏洪说，自己要做的是，在真正优秀的董事会领导与股东们的配合下，选出新东方体系内或者新东方体系外最优秀的管理者来继承新东方的发展。“会不会找了一个新的董事长或者CEO就把新东方做倒了？没有任何人能保证”，俞敏洪说，“我能做的是在我的有生之年，建立一套体系，尽可能选出那个能够把新东方和新东方相关产业继续推动发展下去的董事长和CEO”。“但是实际上我死以后，管它洪水滔天，管我屁事？”，他也笑称。新浪声明：所有会议实录均为现场速记整理，未经演讲者审阅，新浪网登载此文出于传递更多信息之目的，并不意味着赞同其观点或证实其描述。责任编辑：梁斌SF055
国内财经,30多万买一套，港人涌向惠州海景房,证券时报,2023年06月17日 22:02,深港全面通关之后，大批客流经口岸流动，带动了物流、资金、贸易等各种资源要素的便利流动，房地产市场也受到一定程度的提振。近年来，港人“北上”置业范围已扩展到整个大湾区。过去红极一时的惠州海景房因为总价低，也曾是港人“北上”置业的重要标的。最近，惠州楼市降价打折风四起，惠州海景房现在怎么样了呢？海景房降价港客怎么看？胡润研究院曾发布过一份《中国奢华旅游报告》，其调查样本中有近半数高端旅游者购置了度假房，其中首选海景房。购置度假房的目的不仅仅是度假，还包括投资与养老。由此可见，在海边拥有一套度假居所是一部分先富起来人的生活向往。然而在惠州，实现海景房的“梦想”似乎并不是遥不可及。过去多年，惠州凭借高性价比的海景房吸引了大量外地置业客。近日，证券时报记者在曾经火爆一时的碧桂园十里银滩维港湾售楼中心了解到，上个月该楼盘的销售额接近1亿元，目前在售的3栋新楼虽然背靠山，但也能看到部分海景，销售均价在每平方米7000元左右，与高峰时期相比几乎“打了对折”，其中楼层较低的单价甚至低至每平方米5000元左右，户型有70、80、100平米等两居室、三居室可选，这意味着仅仅需要30多万就能买入一套海景房。“上个月我们的成交楼盘中，几乎有一半是来自香港的客人。疫情防控优化以后，港人成为我们项目的购房主力，而且基本都是一次性付款，因为我们主打的是养老地产，几十万买一套海景房对于港人而言性价比很高，既能享受比香港更大的居住空间，还能坐在窗边看着海景喝下午茶，是理想中的养老生活。”该楼盘的销售人员透露，“我们这里的香港业主比较多，未来也会考虑重新启动从十里银滩直通香港粉岭等地的大巴，这样交通就更方便了。”只是，目前整个惠州海景房市场的价格难逃下跌命运。深圳一位熟悉惠州市场的资深中介人士告诉记者，“五六年前，惠州海景房售卖单价普遍过万，但现在每平方米只需五六千元的房源比比皆是，特别是二手房源，而且议价空间非常大。”易居研究院智库中心总监严跃进表示，过去的疫情因素对海景房形成一定利空效应。“部分海景房由于长期无人居住，商业缺乏基本支撑，再加之海边腐蚀性强、物业维修成本高，使得整个以海景房为主的资源型房产销售以及转卖面临压力。”面对这样的情况，香港置业者又是怎么看？“疫情过后我们也想开了，落叶归根迟早还是回到内地来，离老家的亲戚更近一点，而且和香港动辄大几百万上千万的天价住房比起来，在惠州几十万就能买到三居室，还是划算的。”售楼处一位打算入手85平米三居室的王阿婆告诉记者，她老家在广东，早年跟随丈夫去了香港，现在孩子都已经上班或者出国。她们很早就听说了惠州海景房，通关以后回来发现价格低了，又没有限购等限制，所以就准备入手。港人“北上”置业范围扩大除了惠州海景房，据（香港）发布的一项调查结果显示，约46%的受访者考虑置业大湾区，首选深圳，其次是广州、中山。过去，深圳口岸周边片区就很受香港购房者的欢迎。在罗湖人民南片区，多位房产中介经理告诉记者，自从全面通关以来，香港客户的咨询量大增，片区的平均租金也比去年疫情期间回暖近10%。“最近，也有不少香港客户来深打理自己在深圳的房子，或租或售。”人民南片区一位房产中介经理告诉记者：“现在，随着深圳城市交通越来越便捷，香港客户也将目光投向深圳北部等房价相对较低的片区。”记者还发现，一些房产中介机构也陆续推出类似“深圳购房节”等活动，向港人推介楼盘，并安排大巴接送“北上”实地看房。有香港购房者告诉记者，以深圳为例，多数购房者还是倾向于400万元以内的房产，而且以自住需求为主，总价过高的房子会慎重考虑。针对“房价下跌”的情况，多位香港置业者认为，长远来看还是会看好湾区楼市的前景。美联物业华南战略董事总经理江少杰表示，恢复全面通关后，港人纷纷涌入大湾区看房。很多港人获悉大湾区城市房价下跌，加上国家大力发展经济扶持房地产业发展，港澳居民大湾区购房也比较宽松，美联深圳和惠州等公司接待的港人看房量明显反弹。根据香港特区政府统计处出版的《主题性住户统计调查第71号报告书》，提到有26.62万香港人有兴趣前往内地大湾区城市生活，其中有22.03万香港人意向是“居住或退休”，这些人里面有近一半是因为家居/住宅面积较宽敞，还有约26%的人因为房价较便宜。值得注意的是，根据《广东省关于香港机动车经港珠澳大桥珠海公路口岸入出内地的管理办法》，“港车北上”从2023年6月1日9时起开始接受香港机动车车主申请，7月1日零时起，在经相关部门审批和预约后，可驾车经港珠澳大桥珠海公路口岸驶入广东。有业内人士预计，7月1日之后约有45万辆香港私家车受惠于“港车北上”政策，按照“1辆车可配2名驾驶人”来算，未来或有90万人可经由港珠澳大桥往返广东。责任编辑：张恒星SF142
产经,球迷同款跑鞋意外爆火，商家连夜改图：一双好鞋，掌控全场,证券时报,2023年06月17日 22:02,综合自中新经纬、平安北京朝阳、澎湃新闻6月15日，北京工人体育场，阿根廷队vs澳大利亚队比赛中，一名球迷闯入场内，导致比赛中断1分多钟，随后被保安抬出球场。带火同款跑鞋，商家连夜改图中新经纬16日检索淘宝发现，这名球迷身着的YONEX101CR白蓝款球鞋已登上淘宝热搜第一，显示本周上升631%。同时，天猫618热销榜显示，该运动鞋已登上羽毛球鞋热销榜与好评榜榜首。相关店铺也开始凑热度。有商家连夜修改宣传图称“一双好鞋，掌控全场”“梅西球迷球鞋，阿根廷队配色”。中新经纬以消费者身份向一家淘宝店铺问询，对方表示，这双鞋子确实是该名球迷同款，今天已有球迷下单。当询问对方是否穿该鞋子就能拥抱梅西时，客服打趣称：“亲亲，下单以后才有机会实现哦，可以趁着活动下单哦。”在社交平台上，有网友表示：“追上梅西，甩开保安，全靠这双鞋。一双好鞋，掌控全场。”也有网友提到，“笑死了，穿着羽球鞋追足球梦。”公开资料显示，尤尼克斯（YONEX）是世界著名的羽毛球品牌，研发了大量型号的羽毛球用品。梅西赛后发文感谢中国球迷赛后，阿根廷球星梅西在微博发文，感谢中国球迷的支持。“一次与阿根廷国家足球队愉快的中国之旅，感谢所有中国球迷们一直以来的热情支持！”梅西写道。据澎湃新闻，事实上，从这场中国行敲定以来，一直能听到球迷的不满——票价太高、主办方取消线下见面会、将梅西与外界“隔离”得太过严密……但无论如何，球迷的热情没有改变——“能看到梅西就值了”，不止一位球迷表示。有媒体报道称，阿根廷队以2：0结束了这场友谊赛。在球迷欢呼声中，梅西率领阿根廷队向看台球迷致敬。“虽然天气很炎热，但我很高兴能够来到这里比赛。”梅西赛后说。“这次来到中国，再次感受到中国球迷的热情，训练时很多球迷守候着我们、跟随着我们，能一直感受到球迷的热情。”此行中，梅西说，来到中国很多次，这里的球迷对我们的爱一直未变。警方通报“球迷冲进球场抱梅西”：行拘“平安北京朝阳”微信公众号16日晚发布通报：6月15日晚，在工体举办的一场足球比赛中，一位球迷从看台跳下冲入球场，拥抱自己喜爱的球员，并在球场中奔跑，后被工作人员带离，这位球迷的举动导致比赛一度中断。比赛有比赛的规则，违反规则会受到裁判员的判罚，甚至得到红黄牌的警告。球迷观赛同样有观赛的规矩，行为越界必然要受到法律的处理。对于这位冲入球场的邸某某（男，18岁），朝阳公安分局已依法对其行政拘留，同时责令其十二个月内不得进入体育场馆观看同类比赛。兴奋过后的邸某某也对自己的行为表达了歉意，接受公安机关处罚，并希望广大球迷引以为戒，遵规守纪，共同维护好赛场内外秩序。责任编辑：张恒星SF142
国内财经,电荒冲击下“越南制造”受重创，中国电力“出手相助”为哪般？,红星新闻,2023年06月17日 21:57,今年夏天，在创纪录的极端高温“烤”验下，越南面临严重缺电的困境。在居民生活之外，引以为豪的“越南制造”也受到打击。越南工贸部电力监管局表示，该国共有1.1万家企业同意削减用电计划，众多外资企业纷纷受到影响。据央视新闻报道，为缓解用电紧张问题，中国时隔7年重启对越南送电，极大缓解了越南用电紧张情况。鉴于越南在低端制造业上承接了很多从中国转移过去的产能，有人提出疑问，中国对越输电是否会“便宜了竞争对手”？↑今年5月，广西时隔7年重启向越南输电。图据央视新闻对此，商务部研究院学位委员会委员白明对红星新闻记者表示，此次恢复对越输电不会影响今年我国国内的电力保障。白明认为，越南面对极端高温带来的临时性电力缺口，从中国、老挝购电属于正常应急措施，从长期看不影响产业格局。而谈及中越在经济产业上的竞合关系，四川大学国际关系学院教授李昊认为，中越合作共赢的前景广阔，制造业竞争不是两国关系的决定性因素。资深投行人士王骥跃对记者称，越南制造业目前主要作为中国产业链的延伸和配套，帮助越南降低用电成本对中越两国是“双赢”。中国时隔7年重启对越输电中国发电具有成本优势据央视新闻报道，5月23日，在广西防城港东兴市，广西与越南正式签署了110千伏深沟至芒街联网工程购售电协议。此次重启送电工作是时隔7年以来首次恢复，将大大缓解近期越南北部因干旱带来的用电紧张问题。根据协议，购电时间为今年5月至7月，月度电量3000万千瓦时，但售价尚未公开。从2005年到2016年，广西已通过中越电力联网共向越南送电超11亿千瓦时，此后中断了7年。近期在电力供应面临紧张局面下，越南提出恢复联网购电的需求。↑6月5日，越南河内为节电关闭室外公共照明。图据东方IC其实广西并非我国最早向越南输电的省区，早在2004年9月25日，云南河口至越南老街的110千伏输电线路就已建成投运。据中国日报报道，随着中越双边合作进一步深化，2021年8月，越南电力集团提出恢复联网购电的需求。南方电网公司与越方友好协商完成第四阶段购售电协议签署，预计2022年至2025年期间，向越南北部出口约40亿千瓦时电量。去年4月30日，云南红河与越南老街220千伏电力联网双回线路恢复运行，中越电力贸易全面重启。对越电力输送也促进了我国电力的出口。2009年，云南电网公司就曾公布数据：此前5年内，该公司对越累计输送电105.4亿千瓦时，出口创汇近5亿美元。而截至2022年10月，云南电力市场跨境交易电量约220亿千瓦时，交易额超过15亿美元。四川省安全教育科普基地特邀研究人员、四川大学国际关系学院博士研究生张新对红星新闻记者表示，中国向越南输送电力在经济上有很好的效益。一方面，中国在水力发电基础设施上对东南亚国家有着技术和管理优势，可以在售电上取得溢价；另一方面，由于云南、广西地理区位与越南接近，而且基础设施的跨境联通已初具规模，我国向越南输电的成本可能还低于在南方电网内部远距离跨省输电的成本。“越南制造”被供电卡脖子中越电力合作潜力巨大便宜的人工、土地是越南在低端制造业领域的优势，但电力供应的瓶颈制约了“越南制造”的发展速度。制造业的萎靡也让越南经济在今年面临艰难开局。今年第一季度，越南GDP同比增长3.32%，较上年同期5.05%的增速明显放缓。越南国家统计局的数据显示，今年1-5月越南出口额为1361.7亿美元，同比下降11.6%；进口额为1263.7亿美元，同比下跌17.9%。↑越南河内一处发电站。图据缺电的局面也让在当地投资的外商大为不满，越南欧洲商会本月致函越南工贸部，敦促相关部门迅速采取措施，以应对缺电局面。该商会副主席鲍弗雷特表示，“停电已严重扰乱了工业活动，越南应采取紧急措施，以免该国作为可靠的全球制造业中心的声誉受到损害。”今年5月15日，越南总理范明政批准了《2021-2030年阶段和至2050年远景展望国家电力发展规划》，这项规划明确要求将电网与邻国电网互联互通。对此，资深投行人士王骥跃认为，从长远来看，整个中南半岛可以统一规划电力，尤其是与越南接壤的老挝拥有丰富的水电资源，但这样的合作需要跨国基础设施建设。张新则认为，中国已经与缅甸、泰国等在基础设施方面多年来开展了高效的合作，未来中国也有望参与中南半岛的基础设施网络建设。此外中老铁路的通车也将有利于中国与该区域进一步互联互通，中越之间的电力合作也有广阔前景。中国与东盟互为第一大贸易伙伴合作是中越在经济层面的主要一面近年来，一些制造业岗位从中国转移到越南的新闻不断吸引人们的目光。包括、、歌尔声学等中国企业也在越南积极布局建厂投产。在既有竞争又有合作的格局下，中国应该以什么样的心态来看待越南经济的高速增长？李昊教授认为，合作是中越两国关系在经济层面的主要一面，当然低端制造业产业链的转移也会引发竞争，但这种竞争并非大局中的决定性因素。如今随着欧美国家自身陷入高通胀困境、购买力下降，带动全球贸易格局也发生了重大改变。在这样的大背景下，越南等东盟国家成为我国推进高水平对外开放的重要节点。张新表示，中国与东盟已互为第一大贸易伙伴，重要性不言而喻。越南的区位优势在于丰富的劳动力资源、廉价的土地以及鼓励外商投资的政策导向，但并不具备像中国一样的全产业链技术能力，越南所承接的低端制造更多是对中国产业链的补充。从这个意义上讲，越南制造业的发展可以为中国的产业升级和高质量发展腾出空间。在15日的外交部例行记者会上，发言人汪文斌表示，东盟国家是高质量共建“一带一路”的优先方向和重点地区。中国和东盟国家“一带一路”合作捷报频传，始终在快车道上加速奔跑。越南“电荒”背后：高温干旱、承接产业转移，薄弱电力基础难撑“越南制造”越南遭遇世纪高温闹“电荒”：一养鸡场热死上千只鸡，苹果三星被迫停工红星新闻记者郑直责任编辑：张恒星SF142
2023亚布力论坛创新年会,俞敏洪：没有打算让孩子继承新东方事业，未来会交给职业经理人,睿见Economy,2023年06月17日 21:57,2023年亚布力论坛第九届创新年会将于6月17日-18日在山西太原召开。新东方教育科技集团董事长俞敏洪与泰康保险集团股份有限公司创始人、董事长兼CEO陈东升展开对话。谈及企业的永续经营和传承，俞敏洪指出，第一，制度层面。只有国家的制度层面能保证企业发展，企业才会发展。第二，企业自律。如果企业做了违法乱纪的事情或者是做了冒进的事情，出现了风险，就怪不了任何人，比如雷曼兄弟公司。第三，企业的创新能力和不断建立新的曲线的能力。俞敏洪说，今天的微软已经不是昨天的微软了，只要企业存在，无论怎么转型都是好的。“过了五十年，可能陈东升的传承人已经在做教育了，我的传承人可能在做养老了，谁知道呢？”。第四，传承计划。在俞敏洪看来，企业的传承计划通常有两种，一是家族传承，二是管理人传承。“新东方未来一定是管理人传承，原因是我从来没有打算让我的孩子去传承新东方的事业，包括新东方的教育板块和刚刚做出来的东方甄选板块，以及未来我们肯定做出来的新东方文旅板块”，俞敏洪说，自己要做的是，在真正优秀的董事会领导与股东们的配合下，选出新东方体系内或者新东方体系外最优秀的管理者来继承新东方的发展。“会不会找了一个新的董事长或者CEO就把新东方做倒了？没有任何人能保证”，俞敏洪说，“我能做的是在我的有生之年，建立一套体系，尽可能选出那个能够把新东方和新东方相关产业继续推动发展下去的董事长和CEO”。“但是实际上我死以后，管它洪水滔天，管我屁事？”，他也笑称。新浪声明：所有会议实录均为现场速记整理，未经演讲者审阅，新浪网登载此文出于传递更多信息之目的，并不意味着赞同其观点或证实其描述。责任编辑：梁斌SF055
国内财经,“60元车费，多赚几千元”！跨省存款突然火了,证券时报网,2023年06月17日 21:53,转自：中国基金报近期，随着国有大行、股份制银行相继将存款利率下调，据观察，市场上衍生出一种“特种兵式”的存款现象。换言之，就是将现金带到其他省份及城市，以寻求较高利息的存款产品。据消费者对《中国基金报》记者透露，目前虽然不少银行将存款利率下调，但部分城市的城农商行还暂未行动，相较下来甚至两者能差100bp，“存款50万元，5年下来差价5000元。”居民热衷存款“搬家”近期，据记者观察，不少消费者群体在热衷讨论关于存款搬家问题。甚至还有消费者在社交媒体进行相互呼吁转告，并分享如何能够更好的将存款在其他城市进行存取经验等现象。特别是，有媒体报道，由于临近上海火车站，（上海闸北支行）在社交平台上俨然已成为网红银行。此主要在于，该行在苏州、上海两地存在明显的存款利差，大约15-40bp。目前，江苏银行（苏州城北支行）的存款利率分别为2.1%（一年期）、2.7%（两年期）、3.1%（三年期）、3.1%（五年期）；然而，江苏银行（上海市闸北支行）的存款利率却相对高出一些。据悉，目前该行存款利率为2.25%（一年期）、2.85%（两年期）、3.5%（三年期）、3.4%（五年期）。在不少投资者看来，这种跨省、跨市办理存款虽然麻烦，但显然是划算的。有储户表示，“往返仅需要大约60块钱，但是却能赚出几千块的利息，特别还是保本的存款产品，很值得。”城农商行对降息观望事实上，自本周一，招行、浦发、中信等多家股份制银行调降存款利率后，市场上虽然有部分城农商行也给予跟进，但在《中国基金报》记者的调研中，多数银行并未同步给予下调。例如，位于华南地区的两家上市城商行均对记者表示，暂时还处于考察中，将结合后期自身经营情况及同业情况进行调整。整体来看，普遍对存款利率是否下调保持了一定的观望态度。甚至，还有另外一家华南某城商行相关负责人士表示，因为4月份刚降过一轮存款利率，相信近期内不会马上跟随下调。在业内看来，此主要在于，存款利率再次下调后，相比理财产品、货币基金，定期存款已缺乏明显吸引力。然而，对于小银行而言，普遍不具备发行理财产品资质，存款理财化背景下资金流失压力较大，因此具有对存款利率是否调降保持观望情绪。专家：异地开户程序合规而对于上述消费者热衷于跨省、跨市办理存款现象，《中国基金报》记者也就其可行性等问题对上海及江浙地区、以及华北地区多家城农商行给予采访调研。不少银行从业人士对记者表示，这种现象是存在的。“如果在该行有办过银行卡那么直接在该行APP上定存就行，如果没有银行卡，甚至没在该地源交纳社保等，也并不会影响存款。”“如果生活居住地并不在本市，那么不需要开银行卡，直接办理存单业务就行，仅需提供身份证即可存款。”华北某农商行从业人员对《中国基金报》记者表示，当前，该行的定存利率便能够达到1年期2.25%、3年期3.25%、5年期3.4%，是相对国有行及部分股份行高的。据悉，自6月12日股份行将存款利率下调后，以为例，该行当前存款利率为整存整取两年期、三年期和五年期定期存款利率分别为2.05%、2.45%和2.50%。此外，对于这种“特种兵式”跨地存款问题是否符合规定，又能否持续及被纠正可能？星图金融研究院副院长薛洪言对《中国基金报》记者表示，存款者本人去异地开户办理存款业务，程序上是合规的。“这种异地存款现象，时间成本和交通成本较高，很难大规模普及，对行业现有格局影响可忽略不计，预计不会引发后续整顿或纠正。”责任编辑：张恒星SF142
2023亚布力论坛创新年会,俞敏洪：东北人能说会道是全国出名的，应该做直播带货,睿见Economy,2023年06月17日 21:49,2023年亚布力论坛第九届创新年会将于6月17日-18日在山西太原召开。新东方教育科技集团董事长俞敏洪与泰康保险集团股份有限公司创始人、董事长兼CEO陈东升展开对话。谈及区域经济的区别，俞敏洪分析说，东北经济遇到困难的原因之一是民营企业太少了，而民营企业太少不是因为东北人不会做生意，新东方十几位高级管理干部都是东北人，做生意很好。那个环境是由于几十年的国有企业和当时的集体所有制导致了产生了一种依赖，不自觉地依赖，希望有一个体系来保障他们的生存、安全和机会，最后的结果是老百姓自动冒险的精神，拼命的精神相对来说比较少。而过去几十年形成的官僚体系却依然很庞大，多重因素叠加就会形成当前的环境。“做好保障，鼓励更多人创业，鼓励更多人能够自主选择自己的职业，这可能是一个比较大的方向”，俞敏洪说，“比如直播，东北人的能说会道在全中国出了名，原则上东北应该是有无数的人在做着直播带货的生意，因为他们太能说会道了，中国人民太喜欢听他们讲话了，这就是一个机会”。新浪声明：所有会议实录均为现场速记整理，未经演讲者审阅，新浪网登载此文出于传递更多信息之目的，并不意味着赞同其观点或证实其描述。责任编辑：梁斌SF055
产经,马云现身杭州！参观阿里全球数学竞赛，称“创新乐趣”,新浪科技,2023年06月17日 21:41,新浪科技讯6月17日晚间消息，在东京教课的马云回来了。阿里方面透露到，马云已现身杭州，观看全球最大的在线数学赛事，今年来自全球19个国家的685位选手，从5万多名参赛者中脱颖而出，晋级时长8小时的终极对决。开赛前，阿里巴巴创始人马云来到杭州的赛事现场观赛，与参赛选手、命题老师在线交流，畅谈数学。马云说，大赛会不断创新，给热爱数学的人们带来新的乐趣。据了解，决赛分五个数学赛道，每个赛道五道大题，每道题都由命题组老师精心设计，考察选手的数学思维和平时的积累思考，不需要刷题，也无法提前准备。685位决赛选手中，既有全球顶尖高校数学系学生，也有律师、销售员、文物修复师、程序员、快递员，他们来自各行各业，但都有一个共同点：对数学充满热爱。今年的预赛吸引了5万多人参赛，其中近一半是女选手；年龄最大的67岁，也有初中生参赛。阿里巴巴全球数学竞赛由马云在2018年发起，主旨是通过有乐趣的竞赛激发人们对数学的热爱，与社会各界共同推动数学这门基础学科的发展。这一公益赛事已连续第5年举办，不设报名门槛，全程在线，最大限度激发世界各地数学爱好者的参与热情，5年来累计吸引超过25万人参赛。许多参赛者在日常工作生活中就把数学当作爱好和乐趣。来自天津的快递小哥孙金远，用连续两周的时间证明与欧拉常数相关的13个公式。律师吕致远连续两次参加阿里数学竞赛，今年进入决赛，他用数学思维证明了所办案件的关键性证据。大赛命题组由来自世界各地的顶尖数学老师组成，每年如何推陈出新让老师们绞尽脑汁。去年，大赛开始面向全社会公开征集赛题，从生活中发掘身边的数学题；今年，组委会别出心裁出了一道没有答案、与晋级无关的赛题：“用数学方式讲述你和数学的故事”，收到了2000多个脑洞大开的答案。（原祎鸣）责任编辑：张恒星SF142
产经,视频丨机场回应航班取消未告知乘客：航司起飞前一分钟才通知，已妥善安置乘客,媒体滚动,2023年06月17日 21:39,来源：齐鲁晚报近日，网传遵义茅台机场因大雾临时取消航班，旅客疑因机场未提前通知围着工作人员理论。网传视频显示，旅客们轮流理论，画面中一名工作人员被同事搀扶情绪激动，还有一名男性索性躺在柜台上。6月17日，该机场工作人员表示，航司在起飞前一分钟才通知机场取消航班，后续已为乘客们协助退款并赔偿。责任编辑：张恒星SF142
2023亚布力论坛创新年会,俞敏洪：东北经济为何遇到困难，又有何解？,睿见Economy,2023年06月17日 21:36,2023年亚布力论坛第九届创新年会将于6月17日-18日在山西太原召开。新东方教育科技集团董事长俞敏洪与泰康保险集团股份有限公司创始人、董事长兼CEO陈东升展开对话。谈及区域经济的区别，俞敏洪分析说，东北经济遇到困难的原因之一是民营企业太少了，而民营企业太少不是因为东北人不会做生意，新东方十几位高级管理干部都是东北人，做生意很好。那个环境是由于几十年的国有企业和当时的集体所有制导致了产生了一种依赖，不自觉地依赖，希望有一个体系来保障他们的生存、安全和机会，最后的结果是老百姓自动冒险的精神，拼命的精神相对来说比较少。而过去几十年形成的官僚体系却依然很庞大，多重因素叠加就会形成当前的环境。“做好保障，鼓励更多人创业，鼓励更多人能够自主选择自己的职业，这可能是一个比较大的方向”，俞敏洪说，“比如直播，东北人的能说会道在全中国出了名，原则上东北应该是有无数的人在做着直播带货的生意，因为他们太能说会道了，中国人民太喜欢听他们讲话了，这就是一个机会”。新浪声明：所有会议实录均为现场速记整理，未经演讲者审阅，新浪网登载此文出于传递更多信息之目的，并不意味着赞同其观点或证实其描述。责任编辑：梁斌SF055
国内财经,赔偿约18亿元？被17家公司联合起诉！这家巨头，摊上大事了,每日经济新闻,2023年06月17日 21:32,每经编辑何小桃据央视财经，多家媒体报道，当地时间14日，17家音乐公司联合起诉推特公司，称该平台侵犯了近1700首音乐的版权，并要求推特赔偿2.5亿美元，约合18亿元人民币。当天，由索尼音乐、环球音乐等17家音乐出版公司组成的团体——美国音乐出版商协会，在田纳西州纳什维尔联邦法院对推特提起诉讼。诉讼指出，推特平台侵犯了这些公司拥有的近1700首音乐的版权，应该为每件侵权作品支付15万美元的赔偿金。这些公司认为，推特未能阻止该平台上猖獗的侵权行为。仅2021年12月以来，就有约30万条推文使用了侵权音乐。与TikTok、脸书、优兔等正常支付版权费用的竞争对手相比，这种行为让推特在吸引用户方面获得了“不公平的优势”。目前，推特方面尚未对这一诉讼作出回应。据报道，此前推特曾与环球、索尼和华纳等三大音乐公司进行谈判，希望能获得音乐作品使用授权。但此后相关谈判陷入停滞。另外，据媒体近日报道，法庭文件显示，因欠房东三个月的租金，法官已批准将推特逐出其在博尔德（Boulder）的办公室。对此，推特没有回应置评请求。去年10月，以马斯克为首的买家以440亿美元的价格完成对推特的收购。马斯克个人斥资超过250亿美元买下了推特约79%的股份。自从被马斯克收购以来，推特的业务或多或少陷入了混乱，出现了许多关于推特未付账单的报道。不加前，金融服务巨头富达（Fidelity）表示，推特当前的估价只有当初马斯克收购该公司时所支付价格的33%。责任编辑：张恒星SF142
产经,又一新能源车企被申请破产，曾与蔚来小鹏等并称“四小龙”,每日经济新闻,2023年06月17日 21:30,又一家造车新势力陷入困境，被申请破产重整。6月14日，拜腾汽车两家关联公司新增被法院立案破产清算事项。在相关裁定书中，尽管两公司辩称拜腾汽车仍旧有“救活”的希望，但法院认为债权人权益已多年得不到保障，决定立案。作为国内造车新势力的代表之一，拜腾汽车的起点并不算低，曾跟蔚来、小鹏、威马并列称为造车新势力“四小龙”。创立之初，其核心管理团队曾囊括来自宝马、特斯拉等巨头的骨干人员。公开资料显示，拜腾汽车共经历了6轮融资，总融资金额高达84亿元。2020年8月，拜腾汽车曾因“烧光84亿元造不出量产车”而出现在央视新闻中。两公司辩称仍有“救活”希望本次被立案破产清算的两家拜腾汽车关联公司，一家名为南京知行新能源汽车技术开发有限公司（下称“知行新能源车公司”），另一家名为南京知行电动车有限公司（下称“知行电动车公司”）。法院裁定书显示，前者持有后者51%股权。天眼查信息显示，知行新能源车公司近日新增一则“破产重整”信息，案号为（2023）苏0113破48号，案件类型为“破产案件”，申请人为南京坤欧汽车服务有限公司、上海华讯网络系统有限公司，经办法院为南京市栖霞区人民法院。同一日，知行电动车公司也新增一则“破产重整”信息，案号为（2023）苏0113破47号，案件类型为“破产案件”，申请人为南京市栖霞区电力设备安装工程有限公司、圣戈班汽车玻璃（上海）有限公司、上海华讯网络系统有限公司，经办法院同为南京市栖霞区人民法院。栖霞区人民法院民事裁定书显示，知行新能源车公司破产清算案件中，申请人南京坤欧汽车服务有限公司表示，该公司拖欠其包车费用77万余元，另一申请人上海华讯网络系统有限公司则表示被拖欠货款369万余元。而在知行新能源车公司破产清算案件中，三位申请人也均表示被该公司拖欠款项。上述这些申请人认为，两家拜腾汽车关联公司作为债务人，不能清偿到期债务，且明显缺乏清偿能力，另其涉及大量的被执行案件且停止经营。为保护申请人的合法权益，故依法申请其破产清算还债。针对上述申请人的观点，两家拜腾汽车关联公司辩称拜腾汽车仍旧有“救活”的希望，并表示其已具备量产条件，正在进行资产重组，且市场价值远大于账面价值。拜腾汽车上述两家关联公司表示，拜腾集团汽车整车项目作为重大建设项目，一旦公司进入破产清算程序，汽车生产资质将会被工信部注销，之前各方的投入将付诸东流。但法院认为，知行新能源车公司和知行电动车公司涉及众多执行案件，其名下虽有巨额财产，但存在权利瑕疵以及资产的一体性，导致法院无法执行到位。对于众多的执行案件，只能终结执行程序，造成申请执行人的权利得不到维护。现公司停止经营数年，历经数次的自我重组也未成功。在此情况下，众多的申请人经案件强制执行不能得到清偿，应认定知行新能源车公司和知行电动车公司具备破产原因，其向人民法院申请被申请人破产还债符合法律规定，依法应予以受理。目前栖霞区人民法院已裁定受理南京知行新能源汽车技术开发有限公司和南京知行电动汽车有限公司两家公司破产清算一案。难解的资金问题从发展历程上来看，拜腾汽车成立时间并不比“蔚小理”晚，但如今走上破产清算的地步令人唏嘘。每日经济新闻2021年底曾报道，2018年1月，拜腾首款新车概念版（BYTONConcept）亮相美国CES消费电子展，宣告其造车计划从PPT走入现实。在此后两年时间里，拜腾汽车宣布完成了一系列部署，其全球总部、智能制造基地及研发中心设立在南京，负责车辆设计与产品概念研发的设计中心设在德国慕尼黑，负责智能汽车用户体验、自动驾驶等前沿技术以及北美市场开拓与运营的北美开发总部设在硅谷，整体形成了一个以南京为中心的全球运营布局。然而，2020年6月底，拜腾汽车表示，受疫情影响，其C轮5亿美元的融资进展并不顺利。随后，2020年7月初更是宣布暂停中国内地业务运营。2021年1月4日，拜腾汽车与富士康科技集团、南京经济技术开发区签署战略合作框架协议，合力加速推进拜腾首款车型M-Byte的量产制造工作，力争在2022年第一季度前实现M-Byte量产。拜腾汽车用“重回赛道”来形容此次与富士康的合作。不过好景不长，半年之后就传出了拜腾汽车与富士康合作出现裂痕的消息。彭博社报道称，经过了半年的磨合之后，拜腾汽车内部股东复杂的博弈和持续的“宫斗”让富士康心灰意冷，而股东方中国一汽的强势最终让富士康考虑退出。此外，有知情人士此前向《日本经济新闻》透露，其实拜腾汽车和富士康的合作早在协议签署的六个月后就停止了，而富士康也已将造车的重点转向其它更有潜力的项目上。对拜腾汽车而言，资金短缺是困扰其发展的一大难题。公开资料显示，拜腾汽车共经历了6轮融资，总融资金额高达84亿元。2020年8月，拜腾汽车曾因“烧光84亿元造不出量产车”而出现在央视新闻中。当时，一位接近拜腾汽车的业内人士告诉每经记者，彼时M-Byte的量产就差“临门一脚”，但是迫于资金的短缺未能实现最终量产。在业内人士看来，拜腾汽车将重心放在了工厂建设等重资产模式上，这也是导致其资金链紧张的主要原因之一。2022年8月，有网友曝出，在某二手车交易平台上，有人正在出手拜腾汽车的试验车，售价为5.2万元。拜腾并非首家遇到困境的造车新势力。本月初，每日经济新闻报道了不少威马车主反映，他们所在的地区已经找不到售后维修中心，厂家也无法提供配件，很多故障车辆得不到维修，只能原地“趴窝”。早在去年11月，威马汽车就开始面临资金、成本控制等方面的压力，并实施了一系列降本措施以应对资金压力。随后，威马汽车还曾传出高管降薪、员工工资调整、裁员、工厂停工停产、售后滞后等负面信息，这家造车新势力正遭遇多重挑战。除此之外，天际汽车、爱驰汽车等也正遭遇困境，面临售后难题的车主或不在少数。在竞争日益激烈、新品牌快速涌现的当下，车市优胜劣汰已成为常态。近期包括华为余承东、董事长等多位业内人士公开放话，汽车行业已经进入淘汰赛阶段，未来主流玩家不会超过5个。责任编辑：张恒星SF142
2023亚布力论坛创新年会,俞敏洪：新东方遇到困难时，在办公室喝掉了30瓶白酒,睿见Economy,2023年06月17日 21:29,2023年亚布力论坛第九届创新年会将于6月17日-18日在山西太原召开。新东方教育科技集团董事长俞敏洪与泰康保险集团股份有限公司创始人、董事长兼CEO陈东升展开对话。俞敏洪感慨，任何人的创业成功都离不开时代大背景，“我们这些人成功并不是因为天赋异禀，而是因为刚好处在了祖国改革开放，机会非常多的时代”。他说，自己创业时期，国内有大量“空白”需要去填补，随着社会的进步出现了很多新的商业机会。“那个时候，教育培训公司没有一家是大的，几乎都是个体户，刚好迎来了改革开放带来的国际留学大潮，就给了我这么一个机会”。“我们要感谢这个时代”，俞敏洪强调，“假如你生长在抗日战争时期，你哪有这个机会去创业？”俞敏洪还强调，企业家不是生而为困难而来，而是生而为发展而来，为推动社会的繁荣和进步而来。“我们不要有一个执念，认为企业家是为了困难或者是为了艰难而生的。就像你在不断地爬山，必然会遇到悬崖峭壁，必然会遇到深山峡谷，难道你就不爬山了吗？在我个人看，我们的目的不是为了战胜困难，我们的目的根本就是无视困难，因为你的目标在更加地远方。所以，风雨兼程是我们的使命，也是我们的宿命”。俞敏洪以新东方举例称，由于教培行业的变化，2021年新东方遇到了巨大的困难，“好像无路可走了，我特别感谢陈东升兄组织企业家到了丁立国那儿，做了铁锅炖肉、铁锅炖鱼，专门请我和一大帮企业家吃了一顿饭，对我表示安慰”。俞敏洪回忆说，“我跟他们说没关系，我现在还不会倒，当时没有想过做东方甄选，不会倒是因为我这个人做事比较谨慎，尽管折腾掉了很多钱，但账上还有点钱，我觉得暂时还不会倒，而且我想我真有困难的时候，只要我张口，这些大哥、兄弟或多或少冲着我做人人品还不错，也会帮我一把”。当然，随着东方甄选的上线，俞敏洪开启了事业上的新征程。“有一些朋友买了新东方的股票，当然现在都是赚了的，我还是对得起朋友的”，他笑称。陈东升也说“当时我们在立国那里（安慰俞敏洪），后来我发现我们是多余的”。俞敏洪则回应，“不多余，你们的鼓励太重要了”。“客观的困难已经来了，你就要想出路，因为抱怨改变不了客观事实”，俞敏洪透露，自己在办公室至少喝掉了30瓶白酒，“每天去了以后，就是二两白酒放在桌上，因为不喝的话，神经放松不下来，思路打不开”。“我就把新东方的骨干力量招到我的办公室喝酒聊天，聊着聊着就聊出一个卖的思路出来”，俞敏洪说，事实证明条条大路通罗马，上帝给你关上了一扇门有可能同时给你打开了一扇窗，只不过你的眼睛能否看到那扇窗是你的本领。“我相信随着祖国的发展，我们的机会还在，困难也永远不会消失，但是如果你想把路走下去，路一定还是会存在的”，他说。新浪声明：所有会议实录均为现场速记整理，未经演讲者审阅，新浪网登载此文出于传递更多信息之目的，并不意味着赞同其观点或证实其描述。责任编辑：梁斌SF055
2023亚布力论坛创新年会,俞敏洪谈新东方遇困：买了公司股票的人都赚了，我对得起朋友,睿见Economy,2023年06月17日 21:27,2023年亚布力论坛第九届创新年会将于6月17日-18日在山西太原召开。新东方教育科技集团董事长俞敏洪与泰康保险集团股份有限公司创始人、董事长兼CEO陈东升展开对话。俞敏洪感慨，任何人的创业成功都离不开时代大背景，“我们这些人成功并不是因为天赋异禀，而是因为刚好处在了祖国改革开放，机会非常多的时代”。他说，自己创业时期，国内有大量“空白”需要去填补，随着社会的进步出现了很多新的商业机会。“那个时候，教育培训公司没有一家是大的，几乎都是个体户，刚好迎来了改革开放带来的国际留学大潮，就给了我这么一个机会”。“我们要感谢这个时代”，俞敏洪强调，“假如你生长在抗日战争时期，你哪有这个机会去创业？”俞敏洪还强调，企业家不是生而为困难而来，而是生而为发展而来，为推动社会的繁荣和进步而来。“我们不要有一个执念，认为企业家是为了困难或者是为了艰难而生的。就像你在不断地爬山，必然会遇到悬崖峭壁，必然会遇到深山峡谷，难道你就不爬山了吗？在我个人看，我们的目的不是为了战胜困难，我们的目的根本就是无视困难，因为你的目标在更加地远方。所以，风雨兼程是我们的使命，也是我们的宿命”。俞敏洪以新东方举例称，由于教培行业的变化，2021年新东方遇到了巨大的困难，“好像无路可走了，我特别感谢陈东升兄组织企业家到了丁立国那儿，做了铁锅炖肉、铁锅炖鱼，专门请我和一大帮企业家吃了一顿饭，对我表示安慰”。俞敏洪回忆说，“我跟他们说没关系，我现在还不会倒，当时没有想过做东方甄选，不会倒是因为我这个人做事比较谨慎，尽管折腾掉了很多钱，但账上还有点钱，我觉得暂时还不会倒，而且我想我真有困难的时候，只要我张口，这些大哥、兄弟或多或少冲着我做人人品还不错，也会帮我一把”。当然，随着东方甄选的上线，俞敏洪开启了事业上的新征程。“有一些朋友买了新东方的股票，当然现在都是赚了的，我还是对得起朋友的”，他笑称。陈东升也说“当时我们在立国那里（安慰俞敏洪），后来我发现我们是多余的”。俞敏洪则回应，“不多余，你们的鼓励太重要了”。“客观的困难已经来了，你就要想出路，因为抱怨改变不了客观事实”，俞敏洪透露，自己在办公室至少喝掉了30瓶白酒，“每天去了以后，就是二两白酒放在桌上，因为不喝的话，神经放松不下来，思路打不开”。“我就把新东方的骨干力量招到我的办公室喝酒聊天，聊着聊着就聊出一个卖的思路出来”，俞敏洪说，事实证明条条大路通罗马，上帝给你关上了一扇门有可能同时给你打开了一扇窗，只不过你的眼睛能否看到那扇窗是你的本领。“我相信随着祖国的发展，我们的机会还在，困难也永远不会消失，但是如果你想把路走下去，路一定还是会存在的”，他说。新浪声明：所有会议实录均为现场速记整理，未经演讲者审阅，新浪网登载此文出于传递更多信息之目的，并不意味着赞同其观点或证实其描述。责任编辑：梁斌SF055
2023亚布力论坛创新年会,俞敏洪：新东方未来一定是管理人传承，从来没有打算自己的孩子去传承新东方的事业,睿见Economy,2023年06月17日 21:26,2023年亚布力论坛第九届创新年会于6月17日-18日在山西太原召开。本次大会的主题是：“开放创新转型——高质量发展的方向与路径”。17日晚，亚布力中国企业家论坛轮值主席，新东方教育科技集团董事长俞敏洪与亚布力中国企业家论坛理事长，泰康保险集团股份有限公司创始人、董事长兼CEO陈东升共同探讨“新时代企业家精神：传承与发展”。俞敏洪表示，一个企业的传承计划通常有两种，一是家族传承，不管上市不上市都有家族传承的公司，更多是因为不上市，家族传承才比较容易和方便。还有一个是管理人传承，在董事会领导下的管理人传承。“新东方未来一定是管理人传承，原因是我从来没有打算我的孩子去传承新东方的事业，包括新东方的教育板块和刚刚做出来的东方甄选板块，以及未来我们肯定做出来的新东方文旅板块。”他说。俞敏洪称，自己的目标特别简单，真正优秀的董事会的领导和股东们的配合，选出在新东方体系内或者新东方体系外最优秀的管理者来继承新东方的发展。所以，新东方到底会不会出现找了一个新的董事长或者新的CEO就把新东方做倒了？没有任何人能保证。能做的是在自己的有生之年，建立一套尽可能选出来的新的董事长和新的CEO，他能够把新东方和新东方相关产业能够继续推动发展下去。“但是实际上我死以后，管它洪水滔天，它在不在管我屁事？”新浪声明：所有会议实录均为现场速记整理，未经演讲者审阅，新浪网登载此文出于传递更多信息之目的，并不意味着赞同其观点或证实其描述。责任编辑：邓健
2023亚布力论坛创新年会,俞敏洪和陈东升共同办一家公司谁当董事长？俞敏洪：还用说吗？,睿见Economy,2023年06月17日 21:21,2023年亚布力论坛第九届创新年会于6月17日-18日在山西太原召开。本次大会的主题是：“开放创新转型——高质量发展的方向与路径”。17日晚，亚布力中国企业家论坛轮值主席，新东方教育科技集团董事长俞敏洪与亚布力中国企业家论坛理事长，泰康保险集团股份有限公司创始人、董事长兼CEO陈东升共同探讨“新时代企业家精神：传承与发展”。主持人宋立新表示，如果今天让俞敏洪和陈东升共同办一间公司，你们俩将在这个公司里分别承担什么样的角色？“特别简单，他当董事长，我当总经理，还用说吗？难道我能当董事长吗？我当董事长怎么管得了陈东升，你也不想一想。”俞敏洪称。陈东升则表示，“竞争上岗”嘛。新浪声明：所有会议实录均为现场速记整理，未经演讲者审阅，新浪网登载此文出于传递更多信息之目的，并不意味着赞同其观点或证实其描述。责任编辑：邓健
2023亚布力论坛创新年会,俞敏洪：新东方遇到困难时，陈东升组织企业家请我吃铁锅炖鱼,睿见Economy,2023年06月17日 21:17,2023年亚布力论坛第九届创新年会将于6月17日-18日在山西太原召开。新东方教育科技集团董事长俞敏洪与泰康保险集团股份有限公司创始人、董事长兼CEO陈东升展开对话。俞敏洪感慨，任何人的创业成功都离不开时代大背景，“我们这些人成功并不是因为天赋异禀，而是因为刚好处在了祖国改革开放，机会非常多的时代”。他说，自己创业时期，国内有大量“空白”需要去填补，随着社会的进步出现了很多新的商业机会。“那个时候，教育培训公司没有一家是大的，几乎都是个体户，刚好迎来了改革开放带来的国际留学大潮，就给了我这么一个机会”。“我们要感谢这个时代”，俞敏洪强调，“假如你生长在抗日战争时期，你哪有这个机会去创业？”俞敏洪还强调，企业家不是生而为困难而来，而是生而为发展而来，为推动社会的繁荣和进步而来。“我们不要有一个执念，认为企业家是为了困难或者是为了艰难而生的。就像你在不断地爬山，必然会遇到悬崖峭壁，必然会遇到深山峡谷，难道你就不爬山了吗？在我个人看，我们的目的不是为了战胜困难，我们的目的根本就是无视困难，因为你的目标在更加地远方。所以，风雨兼程是我们的使命，也是我们的宿命”。俞敏洪以新东方举例称，由于教培行业的变化，2021年新东方遇到了巨大的困难，“好像无路可走了，我特别感谢陈东升兄组织企业家到了丁立国那儿，做了铁锅炖肉、铁锅炖鱼，专门请我和一大帮企业家吃了一顿饭，对我表示安慰”。俞敏洪回忆说，“我跟他们说没关系，我现在还不会倒，当时没有想过做东方甄选，不会倒是因为我这个人做事比较谨慎，尽管折腾掉了很多钱，但账上还有点钱，我觉得暂时还不会倒，而且我想我真有困难的时候，只要我张口，这些大哥、兄弟或多或少冲着我做人人品还不错，也会帮我一把”。当然，随着东方甄选的上线，俞敏洪开启了事业上的新征程。“有一些朋友买了新东方的股票，当然现在都是赚了的，我还是对得起朋友的”，他笑称。陈东升也说“当时我们在立国那里（安慰俞敏洪），后来我发现我们是多余的”。俞敏洪则回应，“不多余，你们的鼓励太重要了”。“客观的困难已经来了，你就要想出路，因为抱怨改变不了客观事实”，俞敏洪透露，自己在办公室至少喝掉了30瓶白酒，“每天去了以后，就是二两白酒放在桌上，因为不喝的话，神经放松不下来，思路打不开”。“我就把新东方的骨干力量招到我的办公室喝酒聊天，聊着聊着就聊出一个卖的思路出来”，俞敏洪说，事实证明条条大路通罗马，上帝给你关上了一扇门有可能同时给你打开了一扇窗，只不过你的眼睛能否看到那扇窗是你的本领。“我相信随着祖国的发展，我们的机会还在，困难也永远不会消失，但是如果你想把路走下去，路一定还是会存在的”，他说。新浪声明：所有会议实录均为现场速记整理，未经演讲者审阅，新浪网登载此文出于传递更多信息之目的，并不意味着赞同其观点或证实其描述。责任编辑：梁斌SF055
2023亚布力论坛创新年会,俞敏洪：企业家除了坚守自己正在做的事以外，一定要“不务正业”,睿见Economy,2023年06月17日 21:17,2023年亚布力论坛第九届创新年会于6月17日-18日在山西太原召开。本次大会的主题是：“开放创新转型——高质量发展的方向与路径”。17日晚，亚布力中国企业家论坛轮值主席，新东方教育科技集团董事长俞敏洪与亚布力中国企业家论坛理事长，泰康保险集团股份有限公司创始人、董事长兼CEO陈东升共同探讨“新时代企业家精神：传承与发展”。俞敏洪表示，企业家除了坚守自己正在做的那件事情以外，一定要“不务正业”，所谓不务正业就是你有什么新的知识，得去抓住，有什么新的在不同领域做事情的朋友，你就得一起聊天。自己这帮企业家愿意在一起的时候聊聊天。不同的行业，有的时候一个突然的灵感，某一句话就产生了。为什么做成长计划？就是因为听听年轻人在想什么，有的时候也会带来很多启示和启发。所以，一方面要坚守你的事业，另外一方面要不务正业。新浪声明：所有会议实录均为现场速记整理，未经演讲者审阅，新浪网登载此文出于传递更多信息之目的，并不意味着赞同其观点或证实其描述。责任编辑：邓健
产经,浙商银行“七折”配股方案落地，多家重要股东明示参与,媒体滚动,2023年06月17日 21:14,华夏时报（www.chinatimes.net.cn）记者陶炜张智南京报道自宣布配股计划之后，已有数家重要股东明确宣布支持。6月16日晚间，浙商银行股东（000703.SH）发布公告，明示将参与浙商银行股份有限公司配股增资；而在稍早之前，浙商银行第一大股东――浙江省金融控股股份有限公司针对此次配股已出具认购承诺，将全额现金认购配股股份；（600790.SH）也在6月15日表态将参与配股。今年一季报显示，截至3月末，浙商银行的资产总额为2.75万亿元，较去年末增长4.77%。同时，营收和净利均同比上升，实现营业收入、归属于股东的净利润分别为157.80亿元、56.25亿元，同比增速分别为2.53%、9.91%，增速在可比股份制银行中位居前列。得益于优秀的业绩表现，季报发布以来已有多家券商发布研报对浙商银行表示看好。配售获重要股东支持2023年6月12日，浙商银行公告A股配股发行计划，将以股权登记日（2023年6月14日）收市后A股股本总数为基数，按每10股配售3股的比例向全体A股股东配售，可配售A股股份总数为50.14亿股。本次配股价格为2.02元人民币/股，仅为市价的七折左右。这一配售行为迅速获得了重要股东的支持。第一时间，浙商银行第一大股东浙江省金融控股股份有限公司针对此次配股出具认购承诺，将根据本次配股股权登记日收市后的持股数量，以现金方式全额认购根据本次配股方案确定的可获得的配售股份。截至一季末，浙江金控持有该行共计约26.55亿股，持股比例为12.49%。6月15日晚间，轻纺城发布公告，公司拟使用自有资金不超过2.77亿元，认购不超过1.37亿股浙商银行配股股份。轻纺城称，本次参与浙商银行配股，能保证公司享有的股东权益不被稀释，有利于公司资产保值增值，提高公司抗风险能力和可持续发展能力，符合公司利益。6月16日晚间，浙商银行股东恒逸石化也发布公告，明示将参与浙商银行股份有限公司配股增资。在恒逸石化的公告中，他们对参与浙商银行配股一事进行了解释。“作为浙商银行重要长期股东之一，本次公司以配股方式继续增资浙商银行，有利于浙商银行充实核心一级资本，支持浙商银行向‘一流的商业银行’愿景目标的实现，提升金融服务实体经济的能力。同时，公司参与本次配股增资一方面有利于进一步巩固公司长期股东的地位，巩固公司在浙商银行的战略发展话语权，是公司‘石化+’战略布局的延伸和优化；另一方面，公司以市价折扣价格参与本次配股增资，可进一步优化公司持有的浙商银行成本，避免公司权益被摊薄，获取稳定的浙商银行效益来源，进而增强公司利润的稳定性，实现公司股东价值的持续提升。此次认购资金对公司经营情况不会产生重要影响。”恒逸石化如是表示。据《华夏时报》记者了解，已决定参与浙商银行配股的重要股东不只是恒逸石化、轻纺城和浙江金控，还有部分股东不是上市公司无需履行信息披露义务。近年变化广受认可根据浙商银行公告，此次配股募集资金的目的，是用于补充公司的核心一级资本，提高公司资本充足率，支持浙商银行未来各项业务持续稳健发展，增强公司的资本实力及综合竞争力。从同行情况来看，配股确实是上市银行补充核心一级资本的主要方式之一，此前（600919.SH）、（002142.SZ）、（002948.SZ）、（601998.SH）均通过配股方式来补充核心一级资本。对于浙商银行的近来表现与未来发展，不少机构表示看好。“浙商银行是‘有城商行成长性’的潜力股份行，股价压制因素逐步解除，基本面即将反转。”分析师梁凤洁、邱冠华发布研报表示，他们用“稳管理、卸包袱、开新局”三个关键词来点评浙商银行。首先是稳管理，核心高管强强联合、资源互补，管理赋能潜力巨大。新一届管理层有望在较长时间内保持稳定，推动“化风险”战略稳步执行，“深耕浙江”战略持续推进；其次是卸包袱。股东方面，浙商银行此前的问题股东已基本处理完毕，新晋投资者太平人寿坚定看好公司成长机会；最后是开新局。配股补充资本打开资产扩张空间，浙商银行拥有全国性股份制银行牌照，能够扎根浙江全国展业，信用减值减少也将开启财务上行周期。“浙商银行是我国唯一一家总部位于浙江省的国有股份行，受益于良好的区域经济环境和自身灵活的经营机制，浙商银行在对公业务领域积累了一定优势。我们认为浙商在区域内市场仍有较大提升空间，在公司深耕浙江大本营战略持续推进的背景下，其对公业务竞争力有望保持。自2021年新任管理层到任以来，重新厘清了战略框架，业内首提‘经济周期弱敏感资产’概念，聚焦零售、普惠等小额分散资产，聚焦新能源、医药等弱周期行业，聚焦客户服务总量（CSA）。我们认为新战略落地将推动浙商银行业务更为均衡的发展，尤其是提升零售和中间业务方面的业务能力。”平安证券分析师袁喆奇认为。此外，浙商银行的“七折”配股价格也备受市场关注。根据浙商银行最新的财报显示，该行每股净资产为6.72元，配股公告前，截至6月9日浙商银行的收盘价为2.88元/股，也就是说，配股价格大致相当于市价打7折，每股净资产打3折，也低于除权后的2.68元每股价格。值得注意的是，今年年初，浙商银行重启了现金分红方案，向A股、H股全体股东派发了2022年度现金股息。该行年报显示，分红方案为每10股派息金额2.1元，现金分红共为44.66亿元。此次浙商银行2.02元/股的配股价格，意味着投资者能以更低的成本，获取未来的分红基础。责任编辑：徐芸茜主编：公培佳责任编辑：张恒星SF142
2023亚布力论坛创新年会,俞敏洪：新东方差一点就进入房地产，后来退了出来,睿见Economy,2023年06月17日 21:11,2023年亚布力论坛第九届创新年会将于6月17日-18日在山西太原召开。新东方教育科技集团董事长俞敏洪与泰康保险集团股份有限公司创始人、董事长兼CEO陈东升展开对话。俞敏洪感慨，任何人的创业成功都离不开时代大背景，“我们这些人成功并不是因为天赋异禀，而是因为刚好处在了祖国改革开放，机会非常多的时代”。他说，自己创业时期，国内有大量“空白”需要去填补，随着社会的进步出现了很多新的商业机会。“那个时候，教育培训公司没有一家是大的，几乎都是个体户，刚好迎来了改革开放带来的国际留学大潮，就给了我这么一个机会”。“我们要感谢这个时代”，俞敏洪强调，“假如你生长在抗日战争时期，你哪有这个机会去创业？”在俞敏洪看来，随着时代的发展、科技的发展，中国和世界的融合，将会有更多的机会被创造出来。现在，人们面临的机会自己当初面对的还要多。只不过这些机会更加多样化、多元化、会让人眼花缭乱。俞敏洪还透露，新东方差一点就进入了房地产领域。“在90年代，我有巨大的机会进入房地产，一只脚已经踩进去了，后来又退出来了，唯一的原因是想做自己热爱并且从内心认可的教育事业”。“我很热可房地产对中国经济产生的巨大作用，但就我本人而言，在房地产和教育之间进行选择，我肯定毫不犹豫地选择教育，因为这是我内心所热爱的”，他强调。谈及选择创业领域时，是否要选择自己的专业领域。俞敏洪认为，这个问题本身就是错的。他说，张一鸣是做算法的，但他如何能预计到抖音今天这么繁荣？短视频、长视频带来的商业模型肯定不在他原先的商业范围之内，这都需要逐渐学习。而谈及非专业创新，俞敏洪举了马云的例子。马云是学外语出身，“95年他去美国，我也去美国，我看到了互联网，回来唯一的想法就是让学生发电子邮件，可以不用书面写信了，所以我建了一个学生的电子邮件网络系统，让所有的学生可以给美国的大学发电子邮件，而不再是贴上邮票寄过去，但是马云立刻想到可以做出一个商业帝国。这就是人的高度不一样带来的自由不一样”。“阿里巴巴后来用到的技术，马云有哪一样是懂的，他一样不懂，但是这并不影响阿里巴巴的发展”，俞敏洪说，真正的企业家或创业者，需要完整的、综合能力的提升，而不仅仅是专业能力。新浪声明：所有会议实录均为现场速记整理，未经演讲者审阅，新浪网登载此文出于传递更多信息之目的，并不意味着赞同其观点或证实其描述。责任编辑：梁斌SF055
2023亚布力论坛创新年会,俞敏洪：感谢时代,睿见Economy,2023年06月17日 21:00,2023年亚布力论坛第九届创新年会将于6月17日-18日在山西太原召开。新东方教育科技集团董事长俞敏洪与泰康保险集团股份有限公司创始人、董事长兼CEO陈东升展开对话。俞敏洪感慨，任何人的创业成功都离不开时代大背景，“我们这些人成功并不是因为天赋异禀，而是因为刚好处在了祖国改革开放，机会非常多的时代”。他说，自己创业时期，国内有大量“空白”需要去填补，随着社会的进步出现了很多新的商业机会。“那个时候，教育培训公司没有一家是大的，几乎都是个体户，刚好迎来了改革开放带来的国际留学大潮，就给了我这么一个机会”。“我们要感谢这个时代”，俞敏洪强调，“假如你生长在抗日战争时期，你哪有这个机会去创业？”在俞敏洪看来，随着时代的发展、科技的发展，中国和世界的融合，将会有更多的机会被创造出来。现在，人们面临的机会自己当初面对的还要多。只不过这些机会更加多样化、多元化、会让人眼花缭乱。俞敏洪还透露，新东方差一点就进入了房地产领域。“在90年代，我有巨大的机会进入房地产，一只脚已经踩进去了，后来又退出来了，唯一的原因是想做自己热爱并且从内心认可的教育事业”。“我很热可房地产对中国经济产生的巨大作用，但就我本人而言，在房地产和教育之间进行选择，我肯定毫不犹豫地选择教育，因为这是我内心所热爱的”，他强调。谈及选择创业领域时，是否要选择自己的专业领域。俞敏洪认为，这个问题本身就是错的。他说，张一鸣是做算法的，但他如何能预计到抖音今天这么繁荣？短视频、长视频带来的商业模型肯定不在他原先的商业范围之内，这都需要逐渐学习。而谈及非专业创新，俞敏洪举了马云的例子。马云是学外语出身，“95年他去美国，我也去美国，我看到了互联网，回来唯一的想法就是让学生发电子邮件，可以不用书面写信了，所以我建了一个学生的电子邮件网络系统，让所有的学生可以给美国的大学发电子邮件，而不再是贴上邮票寄过去，但是马云立刻想到可以做出一个商业帝国。这就是人的高度不一样带来的自由不一样”。“阿里巴巴后来用到的技术，马云有哪一样是懂的，他一样不懂，但是这并不影响阿里巴巴的发展”，俞敏洪说，真正的企业家或创业者，需要完整的、综合能力的提升，而不仅仅是专业能力。新浪声明：所有会议实录均为现场速记整理，未经演讲者审阅，新浪网登载此文出于传递更多信息之目的，并不意味着赞同其观点或证实其描述。责任编辑：梁斌SF055
2023亚布力论坛创新年会,俞敏洪：与新东方骨干在办公室喝酒聊天，最后聊出一个卖农产品的思路,睿见Economy,2023年06月17日 20:59,2023年亚布力论坛第九届创新年会于6月17日-18日在山西太原召开。本次大会的主题是：“开放创新转型——高质量发展的方向与路径”。17日晚，亚布力中国企业家论坛轮值主席，新东方教育科技集团董事长俞敏洪与亚布力中国企业家论坛理事长，泰康保险集团股份有限公司创始人、董事长兼CEO陈东升共同探讨“新时代企业家精神：传承与发展”。俞敏洪表示，企业家不是生而为困难而来的，企业家是生而为发展，为推动社会的繁荣和进步而来的，因为做企业有的人真的很顺利，做企业有的会很困难，不管顺利还是困难，做企业的定位不能变。你做的事情，一，从内心来做，你觉得这件事情是一个良心事业。第二，这件事情确实是推动了社会的进步或者是祖国的繁荣，这不影响你赚钱。没有任何一个企业不赚钱就一辈子做慈善，那是慈善家的事情。企业就是通过企业的运作逻辑和市场规律来和社会一起共同进步，同时社会带动企业的进步。所以，从这个意义上来说，不要有一个执念，说企业家是为了困难或者是为了艰难而生的。客观的困难已经来了，就要去想出路，如果真有企业家精神，最重要的不是躺平，或者不是说对外界进行抱怨，因为抱怨改变不了某种客观事实，这个时候要做的事情是去想到底还有没有什么事情可以做。“到最后我在我的办公室至少喝掉了30瓶白酒，每天去了以后就是二两白酒放在桌上，因为不喝那个神经放松不下来，不喝那个思路打不开，我就把新东方的骨干力量招到我的办公室喝酒聊天，聊着聊着就聊出一个卖的思路出来，事实证明条条大路通罗马。”他说。新浪声明：所有会议实录均为现场速记整理，未经演讲者审阅，新浪网登载此文出于传递更多信息之目的，并不意味着赞同其观点或证实其描述。责任编辑：邓健
国内财经,中国元宇宙与数字人才培养公益行动在北京启动,中国新闻网,2023年06月17日 20:58,6月17日，中国元宇宙与才培养公益行动启动大会在北京举办。启动仪式上，中国元宇宙与数字人才培养公益行动组委会进行了揭牌仪式，主办单位负责人共同签署了“中国元宇宙与数字人才培养公益行动宣言”，第一批教学基地和实训基地也进行了授牌，标志着该行动进入了实质性的实施阶段。同时大会发布元宇宙公益公开课、首届（2023）元宇宙创新创业大赛通知。据悉，该行动旨在推动元宇宙领域的产教融合，提高数字人才的培养水平，为行业的发展注入新的活力。（记者程宇）责任编辑：张恒星SF142
2023亚布力论坛创新年会,俞敏洪自嘲欠缺风度，“我一出去就像小痞子”,睿见Economy,2023年06月17日 20:56,2023年亚布力论坛第九届创新年会将于6月17日-18日在山西太原召开。新东方教育科技集团董事长俞敏洪与泰康保险集团股份有限公司创始人、董事长兼CEO陈东升展开对话。在被问及自己与陈东升相比有那些欠缺时，俞敏洪直言，“欠缺太了多”。他举例说，“比如欠缺风度，人家一出去就像省部级干部，我一出去就像小痞子，这是一点办法都没有。比如说做生意的时候站的高度，东升兄做了那么多的大生意，站的高度那么高，像我这样的，待在农田里都找不到方向，所以我就只能卖，这一点办法都没有，人家可以卖保险，我就可以卖农产品”。陈东升调侃，“我还卖字画”。俞敏洪则回应称，“那么多中国、世界优秀的文化遗产都得经过他的手”。他还开玩笑称，“陈东升的画展我从来不想去，去了我就想偷”。“陈东升的格局比较大，看得也比我更加长远。他的激情是内含的，我的激情是外露的”，俞敏洪总结说。新浪声明：所有会议实录均为现场速记整理，未经演讲者审阅，新浪网登载此文出于传递更多信息之目的，并不意味着赞同其观点或证实其描述。责任编辑：梁斌SF055
国内财经,北京57岁女子带娃户外活动后，因热射病去世！医生：这些情况要及时干预,北京青年报,2023年06月17日 20:52,【相关阅读】一带娃老人因热射病抢救无效去世，专家：出现这种情况要及时干预热射病就是中暑？“高温杀手”怎么防？一文看懂一图看懂丨北京发布高温橙色预警夏季如何防治热射病？已有8个国家站日最高气温突破6月极值，北方高温何时结束？北京高温天气仍在持续。今天（6月17日）一个白天，北京大学人民医院急诊科接诊了10名出现中暑症状的患者。该院急诊科副主任医师迟骋提醒：出现先兆中暑、轻度中暑一定要及时加以干预，否则症状将持续加重，如发展至热射病甚至可能导致死亡。炎热午后户外活动致热射病6月16日晚，一名57岁女性患者因出现严重意识障碍被送至人民医院急诊科。接诊时，患者处于昏迷状态，体温高于42摄氏度，被诊断为热射病。此后，很快出现了多脏器功能衰竭，经过近7小时抢救后，于17日凌晨离世。“热射病即重度中暑，如抢救不及时，死亡率高达70%至80%，但热射病通常不是突然发生的。”迟骋介绍，该患者午后带孩子在户外活动回家后，曾出现头晕乏力等先兆中暑的症状，但并没有及时采取调适措施，而是继续处于没有开空调的闷热、西晒房间内，直至“叫不醒”才被家人发现送医，此时为时已晚。中暑分为先兆中暑、轻度中暑、中度中暑与重度中暑4个阶段。“先兆中暑与程度最严重的热射病之间，尚有一个进展过程。如果及时采取干预措施，大部分中暑患者是不会发展到热射病的。”今天是周末，户外活动的人多起来。当天8时至18时，人民医院急诊科共接诊10名先兆中暑、轻度中暑患者。迟骋介绍，先兆中暑的主要表现为头晕、乏力、大汗、口渴、注意力不集中。此后体温升高、出现发热，但没有意识转变，则进入了轻度中暑阶段。如不加干预，体温将持续升高，可达40至42摄氏度的高热，并伴有四肢抽搐、意识障碍，则进入了中、重度中暑的阶段。最严重的中暑即热射病，通常合并多脏器功能衰竭，死亡率很高。如发生先兆中暑、轻度中暑时，该如何处理呢？迟骋说，一旦发生中暑，要将病人转移到阴凉通风处，解开患者衣扣，并通过擦拭、冰敷等帮助患者降低体温。降低室内温度的同时，要给患者补充体液，推荐补充含有淡盐水等含有盐分的液体，补充中暑导致的体液和电解质丢失。“简言之，物理降温、降低室温、补水，就可能逆转或终止患者的中暑进程。”什么情况下，需要送医呢？迟骋说，如果患者出现了体温升高、肢体抽搐或出现嗜睡、认知障碍等意识改变，就要及时送医救治了。医生：高温天仍在持续，迟骋提醒高温、高湿环境工作或学习者，一定要注意休息。“最好每30分钟左右就到阴凉通风处休息5到10分钟。及时补充水分，绿豆汤、凉茶等，都是推荐的防暑降温饮品。”户外活动一定要避开最炎热的午后时段，“17日接诊的患者，大多是户外活动后出现中暑症状的。”迟骋建议，可选择一天中较凉爽的清晨或傍晚户外活动，并避免剧烈运动、不穿深色衣服，以防积热导致体温升高。同时，要重视先兆中暑症状，一旦出现头晕、乏力、大汗、口渴等，要及时调整纠正。夏季饮食要尽量清淡，“辛辣刺激食物、抽烟饮酒等习惯容易加重湿热体质。湿热体质者更易中暑。”来源|北京日报客户端题图|责任编辑：张恒星SF142
2023亚布力论坛创新年会,与陈东升相比，你有哪些不足？俞敏洪回应,睿见Economy,2023年06月17日 20:51,2023年亚布力论坛第九届创新年会将于6月17日-18日在山西太原召开。新东方教育科技集团董事长俞敏洪与泰康保险集团股份有限公司创始人、董事长兼CEO陈东升展开对话。在被问及自己与陈东升相比有那些欠缺时，俞敏洪直言，“欠缺太了多”。他举例说，“比如欠缺风度，人家一出去就像省部级干部，我一出去就像小痞子，这是一点办法都没有。比如说做生意的时候站的高度，东升兄做了那么多的大生意，站的高度那么高，像我这样的，待在农田里都找不到方向，所以我就只能卖，这一点办法都没有，人家可以卖保险，我就可以卖农产品”。陈东升调侃，“我还卖字画”。俞敏洪则回应称，“那么多中国、世界优秀的文化遗产都得经过他的手”。他还开玩笑称，“陈东升的画展我从来不想去，去了我就想偷”。“陈东升的格局比较大，看得也比我更加长远。他的激情是内含的，我的激情是外露的”，俞敏洪总结说。新浪声明：所有会议实录均为现场速记整理，未经演讲者审阅，新浪网登载此文出于传递更多信息之目的，并不意味着赞同其观点或证实其描述。责任编辑：梁斌SF055
证券,追觅科技“擦边”、“女仆”营销或翻车？产品质量与售后服务屡遭投诉,新浪证券,2023年06月17日 20:37,出品：新浪财经上市公司研究院作者：坤618期间，追觅科技的一则营销视频在社交媒体引发热议。视频中文字显示“会擦边还会做家务。当然是比女仆还香”，并配有女仆装人物出境，似乎是有将扫地产品比作会“擦边”的“女仆管家”，其对应产品是追觅科技当前的新品追觅X20Pro扫地机器人。众所周知，不论是扫地机还是洗地机，在清洁电器主要应用的家庭场景中，女性用户群体是重要的一部分。据奥维云网2022年扫地机器人消费趋势洞察报告显示，扫地机器人品类近一年女性用户群体同比增长高于男性用户群体，是未来的高潜客户；而对应洗地机用户画像来看，女性是其主要消费群体，近一年同比增长高达208%。而洗地机在2023Q1已经反超扫地机成为清洁电器赛道的第一大细分品类，这背后女性消费群体自然贡献不小。而追觅科技近年来作为清洁电器赛道的后起新秀，在营销战略方面非常激进，不仅公然对标行业标杆戴森，重金邀请明星红人代言、IP联名及垂类达人营销，在抖音、小红书等社交与电商平台也大力投放扩大其品牌知名度。但需要注意的是，追觅科技在当前“618”的重要节点此番“女仆”、“擦边”营销，或有不尊重其部分重要用户之嫌，可能会使品牌遭到反噬。倘若遭到其重要用户群体的抵制，追觅科技的“618”乃至未来都将承受负面影响。尽管追觅科技通过铺天盖地的营销与接连推出的新品在一定程度上实现了品牌出圈，但与此同时其产品在质量方面的过硬程度似乎却没能跟得上营销。在黑猫投诉【投诉入口】上，对于追觅品牌的投诉量高达366条，其中很多问题集中在质量方面。其中不乏“买了一个月就开始坏，已经邮寄维修5次都未能修好”、“基站多次漏水，并把家具泡坏”、“故障返厂后长时间无人处理返修拖延”等等，给消费者带来了极差的消费体验。而和对比来看，石头科技目前在黑猫投诉的总投诉量为331条，与追觅科技相比少了10%左右。但石头科技目前的市场份额却明显高于追觅科技，根据奥维云网2023年618促销期开门红扫地机器人品牌销售额占比数据显示，石头科技的市场份额为31.8%，而追觅科技为13.9%，追觅科技的销售额占比还不足石头科技的一半。换句话说，追觅科技产品的整体质量表现与同行相比或较为逊色，且售后服务能力还存在较大的提升空间。需要注意的是，不仅在黑猫投诉上投诉问题频发，在小红书、抖音等追觅重点投放的社交媒体上，关于避雷追觅、质量问题频发等内容也屡见不鲜。从行业方面来看，根据奥维云网的数据显示，2023年一季度清洁电器销售额59.6亿元，同比-1.8%，销售量482.3万台，同比-14.7%。结合赛道的上市公司当前业绩股价双杀来看，与前几年高歌猛进的态势截然不同，清洁电器市场目前已明显降温，未来或面临着以价换量、比拼质量的新一轮发展期。而追觅科技当前对部分重要消费群体并不友好的营销策略，以及难以与营销所匹配的产品质量与售后服务，如果不能得到改善，恐将对公司未来发展带来不利影响。责任编辑：公司观察
2023亚布力论坛创新年会,陈东升：曾有记者说我拿养老搞房地产，让我很气愤,睿见Economy,2023年06月17日 20:37,2023年亚布力论坛第九届创新年会将于6月17日-18日在山西太原召开。新东方教育科技集团董事长俞敏洪与泰康保险集团股份有限公司创始人、董事长兼CEO陈东升展开对话。泰康旗下业务涉及保险、养老、医疗，有外界声音觉得这些业务并不搭界，对此，陈东升解释称，这些都是一条产业链，值得泰康深耕。陈东升说，保险是解决“生老病死”的风险管理方案，随着社会的发展，应该为客户的全价值链、全生命周期展开新的服务，这是新时代商业的进步。为了适应时代发展，泰康涉足了养老、医疗，要把相关业务结合起来，为客户打造全生命周期的闭环服务体系。“要跟随社会的进步，洞察社会发展的方向”，他强调。陈东升提及自己所写的《长寿时代》，在其看来，“老龄化时代”并非消极，“未来在座的人平均都可以活100岁。所以，你的生命尺度变了，过去20岁的时候是年轻人，40岁是中年人，60岁是老年人，当你100岁的时候，40岁的是年轻人，60岁是中年人，80岁是老年人，彻底颠覆了传统的这些认知”。他举例说，现在是60岁退休，一退休就把人划为老年行列，似乎就被社会边缘化了，这实际上这种现象很不成熟、也不符合经济观念。“我们就是要颠覆它，长寿经济，老年人也要创造价值”。“泰康2007年做养老地产的时候，有记者说陈东升拿养老搞房地产，我当时气得……”，陈东升感慨，被别人误解的时候是最气愤的。“现在我成熟了，不用跟他说，你的行为一定会告诉他，今天谁还会说泰康、陈东升是搞房地产的？没有人再说”。新浪声明：所有会议实录均为现场速记整理，未经演讲者审阅，新浪网登载此文出于传递更多信息之目的，并不意味着赞同其观点或证实其描述。责任编辑：梁斌SF055
2023亚布力论坛创新年会,俞敏洪：自己能成功是因为刚好处在机会非常多的时代，现在大学生面临的机会比以前还多,睿见Economy,2023年06月17日 20:36,2023年亚布力论坛第九届创新年会于6月17日-18日在山西太原召开。本次大会的主题是：“开放创新转型——高质量发展的方向与路径”。17日晚，亚布力中国企业家论坛轮值主席，新东方教育科技集团董事长俞敏洪与亚布力中国企业家论坛理事长，泰康保险集团股份有限公司创始人、董事长兼CEO陈东升共同探讨“新时代企业家精神：传承与发展”。俞敏洪表示，任何人创业的成功都离不开时代的大背景，自己这些人成功并不是因为天赋异禀，而是因为刚好处在了祖国改革开放，机会非常多的时代。而且当时创业的时候，90年左右的时候，祖国还有大量的空白需要去填补，比如东升兄拍卖保险，现在做养老，就是社会进步出现新的商业机会。目前，大学生面临的机会其实比自己当初还要多，只不过它多样化、多元化、多头化以后让你眼花缭乱，以前啥都没有，看准了一个机会就做去了。同时，俞敏洪强调，热爱能抵岁月漫长，因为你喜欢，所以你去做。自己这些人要不就已经学会了热爱自己的企业，要么是在做之前对自己企业本来要做的事情就热爱了，自己做新东方之前就很热爱教学，相信东升一定也是在做嘉德之前就很喜爱艺术品，否则他不会那么卖力气。新浪声明：所有会议实录均为现场速记整理，未经演讲者审阅，新浪网登载此文出于传递更多信息之目的，并不意味着赞同其观点或证实其描述。责任编辑：邓健
2023亚布力论坛创新年会,陈东升：企业家就是迎着困难上，没什么好炫耀，更不应该抱怨,睿见Economy,2023年06月17日 20:35,2023年亚布力论坛第九届创新年会将于6月17日-18日在山西太原召开。新东方教育科技集团董事长俞敏洪与泰康保险集团股份有限公司创始人、董事长兼CEO陈东升展开对话。谈及一代企业家的成长，陈东升回忆说，自己在上中学的时候，每天必读《参考消息》，看到“四小龙”崛起。“我91年去新加坡的时候，我认为我看不到中国哪一天像新加坡这样，觉得现代化离我们很遥远”，但他强调，“今天倒过来看，现代化，只要奋斗就容易得到，但是真正的一个民族的精神、一个民族的修养、一个民族的成熟、一个民族的现代文明和文化的培育更难”。陈东升感慨说，“今年是嘉德成立的30年，泰康也成立27年了，几十年这样走过来，从模仿创新到今天的自主创新，从当时只看西方的商业案例、商业文明、商业经验，今天在座的亚布力企业家们都是一本厚厚的中国商业文明、中国商业创新、中国商业成功的一本教科书”。在陈东升看来，企业家就是为困难而生的，就是迎着困难上的。“如果跟朋友、跟领导抱怨困难，我认为那不是企业家精神，甚至连一个称职的职业经理人精神都不够”。“企业家的特质就是解决问题，就是迎接困难，就是创新”，陈东升说，“所以，没什么要炫耀的。如果你是一个企业家，就应该具备这些基本的东西”。新浪声明：所有会议实录均为现场速记整理，未经演讲者审阅，新浪网登载此文出于传递更多信息之目的，并不意味着赞同其观点或证实其描述。责任编辑：梁斌SF055
2023亚布力论坛创新年会,陈东升：中国历史有伟大政治家、哲学家、思想家、艺术家，当加上伟大企业家时，这个民族就更有希望,睿见Economy,2023年06月17日 20:32,2023年亚布力论坛第九届创新年会于6月17日-18日在山西太原召开。本次大会的主题是：“开放创新转型——高质量发展的方向与路径”。17日晚，亚布力中国企业家论坛轮值主席，新东方教育科技集团董事长俞敏洪与亚布力中国企业家论坛理事长，泰康保险集团股份有限公司创始人、董事长兼CEO陈东升共同探讨“新时代企业家精神：传承与发展”。企业家是什么？陈东升表示，企业家就是为困难而生的，企业家就是迎着困难上的，如果跟着朋友、跟着领导抱怨困难，那不是企业家精神，甚至连一个称职的职业经理人精神都不够，企业家没什么，就是迎着困难上。陈东升强调，企业家的特质就是解决问题，就是迎接困难，就是创新。这是他的特质。所以，没什么要炫耀的。如果说你是一个企业家，就应该具备这些基本的东西，你要抱怨，觉得大家要同情你，觉得自己多不容易，这不是企业家，企业家就是为困难而活着，企业家就是为解决困难而活的，企业家就是为创新生存而活着。“我特别记得25年前，第一次评十个企业家，我那也是名不见经传，把我评进去，那时流传很广，中国历史出了伟大的政治家、哲学家、思想家、艺术家，就没有伟大的企业家。当加上了伟大企业家的时候，这个民族就有希望。”新浪声明：所有会议实录均为现场速记整理，未经演讲者审阅，新浪网登载此文出于传递更多信息之目的，并不意味着赞同其观点或证实其描述。责任编辑：邓健
2023亚布力论坛创新年会,陈东升：企业家为困难而生，特质就是解决问题，没什么可炫耀的,睿见Economy,2023年06月17日 20:28,2023年亚布力论坛第九届创新年会于6月17日-18日在山西太原召开。本次大会的主题是：“开放创新转型——高质量发展的方向与路径”。17日晚，亚布力中国企业家论坛轮值主席，新东方教育科技集团董事长俞敏洪与亚布力中国企业家论坛理事长，泰康保险集团股份有限公司创始人、董事长兼CEO陈东升共同探讨“新时代企业家精神：传承与发展”。企业家是什么？陈东升表示，企业家就是为困难而生的，企业家就是迎着困难上的，如果跟着朋友、跟着领导抱怨困难，那不是企业家精神，甚至连一个称职的职业经理人精神都不够，企业家没什么，就是迎着困难上。陈东升强调，企业家的特质就是解决问题，就是迎接困难，就是创新。这是他的特质。所以，没什么要炫耀的。如果说你是一个企业家，就应该具备这些基本的东西，你要抱怨，觉得大家要同情你，觉得自己多不容易，这不是企业家，企业家就是为困难而活着，企业家就是为解决困难而活的，企业家就是为创新生存而活着。“我特别记得25年前，第一次评十个企业家，我那也是名不见经传，把我评进去，那时流传很广，中国历史出了伟大的政治家、哲学家、思想家、艺术家，就没有伟大的企业家。当加上了伟大企业家的时候，这个民族就有希望。”新浪声明：所有会议实录均为现场速记整理，未经演讲者审阅，新浪网登载此文出于传递更多信息之目的，并不意味着赞同其观点或证实其描述。责任编辑：邓健
2023亚布力论坛创新年会,陈东升自曝中学时期每天必读《参考消息》,睿见Economy,2023年06月17日 20:27,2023年亚布力论坛第九届创新年会将于6月17日-18日在山西太原召开。新东方教育科技集团董事长俞敏洪与泰康保险集团股份有限公司创始人、董事长兼CEO陈东升展开对话。谈及一代企业家的成长，陈东升回忆说，自己在上中学的时候，每天必读《参考消息》，看到“四小龙”崛起。“我91年去新加坡的时候，我认为我看不到中国哪一天像新加坡这样，觉得现代化离我们很遥远”，但他强调，“今天倒过来看，现代化，只要奋斗就容易得到，但是真正的一个民族的精神、一个民族的修养、一个民族的成熟、一个民族的现代文明和文化的培育更难”。陈东升感慨说，“今年是嘉德成立的30年，泰康也成立27年了，几十年这样走过来，从模仿创新到今天的自主创新，从当时只看西方的商业案例、商业文明、商业经验，今天在座的亚布力企业家们都是一本厚厚的中国商业文明、中国商业创新、中国商业成功的一本教科书”。在陈东升看来，企业家就是为困难而生的，就是迎着困难上的。“如果跟朋友、跟领导抱怨困难，我认为那不是企业家精神，甚至连一个称职的职业经理人精神都不够”。“企业家的特质就是解决问题，就是迎接困难，就是创新”，陈东升说，“所以，没什么要炫耀的。如果你是一个企业家，就应该具备这些基本的东西”。新浪声明：所有会议实录均为现场速记整理，未经演讲者审阅，新浪网登载此文出于传递更多信息之目的，并不意味着赞同其观点或证实其描述。责任编辑：梁斌SF055
美股,美国政府债务规模首次超过32万亿美元,央视网,2023年06月17日 20:27,转自：央视新闻据美国《纽约时报》当地时间16日报道，美国财政部最新公布的数据显示，美国国债首次超过32万亿美元，这比此前预测的提早了9年。美国彼得·彼得森基金会的预测显示，在未来30年，美国将增加127万亿美元的债务。到2053年，利息成本将消耗近40%的联邦财政收入。本月初，一项关于美国联邦政府债务上限和预算的法案生效，暂时避免了美国政府陷入债务违约。但美国经济学家马克·赞迪表示，这不能从根本上解决美国政府的债务上限危机，美国面临的长期财政挑战依然存在。责任编辑：王茂桦
国内财经,10余地市开展生育意愿问卷调查，有何深意？,界面新闻,2023年06月17日 20:25,近期，多地开展生意意愿问卷调查引发关注。据界面新闻统计，从2023年初至今，至少已有北京、山东淄博、四川泸州、甘肃金昌等14个市（县、区）对公众开展生育意愿调查，这意味着什么？界面新闻注意到，2023年1月，国家统计局公布2022年中国人口数据显示，全国总人口出现近61年来首次负增长，此后各个省市陆续公布地方人口数据，生育率等多项指标呈现继续下滑趋势。多地卫健委人士表示，近期开展生育意愿调查的目的，主要是为进一步完善生育政策提供支持，未来不排除有突破性政策出台的可能。自2021年三孩政策实施以来，我国生育率并未回升，有关如何支持生育的讨论成为各界关注焦点。而生育支持政策在顶层设计时就赋予地方相对自由的探索权利。2021年7月公布的《中共中央、国务院关于优化生育政策促进人口长期均衡发展的决定》（下称《中央决定》）中就提到，支持有条件的地方开展父母育儿假试点，健全假期用工成本分担机制。《中央决定》公布8天后，四川省攀枝花在全国率先出台育儿补贴政策；两个月后，甘肃省临泽县也在全省率先出台育儿补贴政策。这两地的动作都早于所在省份发布“关于优化生育政策促进人口长期均衡发展实施方案”之前，并受到肯定。这也意味着，未来市县政府在制定生育支持政策方面或拥有较大的自主权。2023年2月，四川省泸州市发布生育意愿问卷调查，称“为优化生育政策及配套支持措施，推进三孩生育政策落地落实，促进人口长期均衡发展，特组织本次问卷调查，旨在了解广大市民的生育意愿以及对优化生育服务的意见建议。”调查对象为：户籍在泸州市或在泸州市居住半年以上且年龄在15-64岁的群体。泸州市卫健委相关人士告诉界面新闻，这份问卷调查由泸州市卫健委发起，主要是为进一步完善生育支持政策提供数据支持。他还透露，当地出台的生育支持政策中，已包括购房补助等，目前还正在酝酿出台育儿补贴政策的计划，“但能不能实现还不好说。”他表示，目前各地市的生育支持政策仍需要省里统一协调，但也可以做出一些突破。也有一些地方的问卷调查是为财政支持提供数据。甘肃省金昌市此前已经出台育儿补贴政策，包括对生育二孩每月补贴200元，三孩每月补贴300元，直至孩子满3岁。该政策从2023年1月1日起实施。该市卫健委人士向界面新闻表示，制定育儿补贴政策时当地做过财政支出测算，但政策出台后人们的生育意愿也可能发生变化，因此不久前开展的生育意愿调查，主要目的是为育儿补贴政策需要的资金规模提供数据支持。界面新闻注意到，不少积极开展生育意愿调查的省市，2022年的人口形势较为严峻，有的已经进入负增长阶段。以金昌市为例，2022年末全市常住人口为43.44万人，比上年末减少0.09万人。全年出生人口0.26万人，出生率为5.88‰；死亡人口0.43万人，死亡率为9.86‰；人口自然增长率为-3.98‰。5月25日，四川省雅安市卫健委发布消息称，“为认真贯彻落实中央和省委、省政府关于优化生育政策促进人口长期均衡发展决策部署，市卫生健康委、国家统计局雅安调查队决定在全市开展雅安市城乡居民生育意愿情况专项调研电子问卷调查”。而根据雅安市统计局数据，2022年雅安全年出生人口10178人，人口出生率为6.72‰；死亡人口14227人，人口死亡率为9.39‰，人口自然增长率为-2.67‰。界面新闻注意到，发起问卷的多数是地方卫健委或妇联，也有一些是地方政协、民主党派或者媒体，显示生育支持政策已获各界广泛关注。各地生育意愿调查问卷的内容大同小异，通常都包括市民最关心的一些问题，比如生育或再生育的主要顾虑，三孩生育政策在住房、教育、税收等方面最需要完善的配套措施，能接受的平均每月入托/入园费用等，问卷对这些问题的解决方案都给出了不同选项。值得注意的是，有些地方公开了问卷调查结果。不久前，由天津今晚报发起的“婚育选择调查”结果公布，该调查通过掌上天津App、腾讯问卷网络平台分两次发起，回收有效问卷共计727份。受访者强调，婚恋的选择、家庭的模式、生育的决策都应出于个人意愿，同时也应充分包容和尊重他人的婚育选择。这份调查显示，64.89%的受访者认为，结婚、生育已经不再是每个人必须承担的责任与义务，而坚持传统观点、认为每个人都必须结婚生育的受访者仅占35.11%。33.66%的受访者认为31岁至40岁是适合结婚的年龄；28.57%的受访者认为最佳结婚年龄不应超过30岁；28.33%的受访者认为人生不应设限，任何年龄结婚都可以；约一成（9.44%）受访者认为41岁以上也是很合适的结婚年龄。在受访者看来，影响年轻人生育意愿的因素的前三项分别是精力、经济前景、当前收入水平。父母意见的影响力仍然很强，但排序很难超过年轻人自身需要考量的众多具体问题；此外，同龄人之间的激励与攀比占比约四成（41.16%），略高于社会舆论的影响力（38.50%）。责任编辑：张恒星SF142
证券,富力地产创始人张力行贿案有新进展了,界面新闻,2023年06月17日 20:23,富力地产联席董事长、总裁张力继去年底在伦敦被捕后，富力地产创始人、联席董事长张力涉嫌一宗美国行贿案有了新的进展。据彭博社6月16日报道，现年70岁的张力同意从伦敦被引渡到美国，他将面临涉嫌行贿的刑事指控。此外，根据英国法院文件，张力“同意在有条件保释的前提下被引渡到美国”。目前，富力地产并未就联席董事长张力的动向发布官方声明。因个人公司Z&LPropertiesInc在美国的业务牵涉一宗行贿案，张力去年11月30日在伦敦被当地警方逮捕。去年12月12日，在向当地法院支付了1500万英镑（约合1.28亿元人民币）的保释金后，张力被监视居住于伦敦塔桥公寓43层。他当时所支付的保释金，也是英国法院有史以来最高的联合保释金。当时就有消息称，张力正面临被英国引渡到美国的程序，这也是他彼时极力争取避免的程序。据法庭清单显示，张力被指控“向同谋者提供回扣和资金，以便为一个建筑项目获得适当的许可”，涉嫌在一名美国官员到中国度假时，为官员支付酒店住宿费并赠送礼物，行贿总额估计在4万到7万美元之间。牵涉进行贿案的项目为Z&LPropertiesInc负责开发的美国三藩市一个大型的、价值数百万美元的住宅和商业综合开发项目——555Fulton项目。555Fulton项目设计图，来源：Z&LPropertiesInc官网在张力被捕后，去年12月12日深夜，富力地产曾对外发表声明称，张力因在中国宴请美国旧金山前公共事业部主管及为其提供酒店住宿而被指控涉嫌行贿，富力正针对此错误指控采取法律行动。随着事件的持续发酵，富力地产于12月13日早间再次发布澄清公告，在与此行贿案划清界限的同时，称并未为张力保释提供任何保释金。当时的澄清公告具体内容如下：并无就保释提供任何保证金、公司在Z&LPropertiesInc．（由张力及其关联方拥有）并无权益，该案件将不会对公司的业务及营运有任何重大不利影响。富力地产是由张力和李思廉创立于1994年，总部位于广州，是一家以房地产开发为主营业务，同时在酒店发展、商业运营、文体旅游、互联网产贸、医疗康养及设计建造等领域多元发展的综合性集团。张力目前在富力地产的职位是联席董事长兼行政总裁，另一位主要股东李思廉为董事长。截至目前，李思廉和张力分别持有富力地产28.97%及27.77%的股份，两人拥有富力地产的绝对控股权。富力地产是房地产行业内少有保持着“双老板”制的公司。在内部分工上，香港人李思廉主管销售及财务管理，张力则主管投资拿地、开发建设等。据界面新闻了解，张力被捕后，李思廉仍频繁活跃在公开场合。在今年3月由广东地产商会主办的2023年中国房地产高峰论坛上，李思廉还发表了对房地产行业的看法，称当下企业困境主要是缘于早年间过于追求规模的无序发展，但当前上市企业大量的土地储备发展模式，已经不适合当前市场发展需要。富力地产也是此轮房地产行业调控周期中较早出现流动性压力的企业，从2019年开始，就先后启动了出售资产、促进销售、股权融资、减少拿地等举措来缓解现金流压力。到去年11月10日，富力地产成为国内首家境内外债券全部整体展期的房企。境内外约467亿元人民币债务获得3年以上的展期，这虽然为富力地产大幅降低了中短期的债务压力，但这并不代表其完全走出了危机。富力地产的自身造血能力已受到极大影响。2022年，富力地产总销售收入约为384.3亿元，同比减少68.03%；销售面积达约285.1万平方米，同比减少69.72%。受销售下降以及资产减值等影响，2022年富力地产录得大幅亏损，归母净利润亏损人民币157.79亿元，亏损金额达到上一年末（2021年末）净资产人民币828.59亿元的19%。这是富力地产连续两年陷入亏损。2021年，富力地产归母净利润亏损164.7亿元，两年累计亏损达到322亿。从债务水平来看，即便境内外债券获得了展期，富力地产的短期债务压力仍然不小。据财报，富力地产截至2022年末的现金总额（包括受限制现金）仅有123.01亿元人民币，现金短债比只有0.24倍。从今年以来的销售表现来看，富力地产自身造血仍显乏力，前5月总销售收入约105.6亿元，比去年同期的低基数还要下降51.6%。因此，在未来三年的喘息时间里，富力地产改善经营的工作重点依然离不开继续降低负债，以及资产盘活。如今创世人之一的张力面临刑事指控，这对富力地产恢复正常经营与偿还债务进程，不可避免的会产生负面效应。责任编辑：张恒星SF142
社会万象,“鼠头鸭脖”事件调查结果公布，动物学家是如何辨别的？,北京日报客户端,2023年06月17日 20:23,
2023亚布力论坛创新年会,俞敏洪：在《老俞闲话》对谈了很多人，他们面对现实不买账，面对未来有希望,睿见Economy,2023年06月17日 20:20,2023年亚布力论坛第九届创新年会于6月17日-18日在山西太原召开。本次大会的主题是：“开放创新转型——高质量发展的方向与路径”。17日晚，亚布力中国企业家论坛轮值主席，新东方教育科技集团董事长俞敏洪与亚布力中国企业家论坛理事长，泰康保险集团股份有限公司创始人、董事长兼CEO陈东升共同探讨“新时代企业家精神：传承与发展”。主持人宋立新提到，发现一个现象，所有人要出书，要想火，首先要上《老俞闲话》。同时，俞敏洪这两年已经对谈了上百位无论是财经、科技还有人文、教育、文化、艺术的这些精英，那么，他们身上有什么共性？对此，俞敏洪表示，共性就是这些人身上或多或少都有一种不买账的精神，不买账就是面对困难、困境，面对自己人生的起起伏伏，他们总有一种希望在他们的眼前，总有一种热情依然保留在心里，总相信自己的未来。即使到现在，已经访谈了不少50岁、60岁人，他们的未来依然能够为社会服务，依然能够创造出来，让他们自己回头看感觉到欣慰的甚至是感动的事情来，不管是企业家、作家还是科学家，还是社会活动家、慈善家。“我访谈这些人访谈了很多，他们身上有一种共性，就是心中永远保留着希望，内心永远有一种倔强，用特别土的话说就是面对现实不买账，面对未来有希望。”他说。新浪声明：所有会议实录均为现场速记整理，未经演讲者审阅，新浪网登载此文出于传递更多信息之目的，并不意味着赞同其观点或证实其描述。责任编辑：邓健
2023亚布力论坛创新年会,为何下水做直播？俞敏洪说出真相,睿见Economy,2023年06月17日 20:17,2023年亚布力论坛第九届创新年会将于6月17日-18日在山西太原召开。新东方教育科技集团董事长俞敏洪出席并演讲。谈及自己的直播事业，俞敏洪解释称，由于疫情的原因，大部分人都只能坐在办公室，自己的朋友会经常找朋友们喝酒聊天，逐渐发现，朋友们在聊天中，都传递出了很多挺正能量的内容——谈自己的成长历程，谈自己的思想，传递面临苦难时所采取的态度。“后来我就想，干脆做一些公开的访谈，结果有一大半朋友都说你要是访谈的话我们也很愿意”，俞敏洪说，其实这些人来访谈不是为了卖东西，也不是为了卖书。每个人都在研究如何组织语言，能够把自己的真诚的态度更好地传递出来。俞敏洪说，自己的直播是一种很好的尝试，背后也没有功利因素。新浪声明：所有会议实录均为现场速记整理，未经演讲者审阅，新浪网登载此文出于传递更多信息之目的，并不意味着赞同其观点或证实其描述。责任编辑：梁斌SF055
京东科技赴港上市遭拒,3次改名！京东科技筹备港股上市？刘强东的第5家上市公司要来了？,市场资讯,2022年01月27日 20:43,原标题：3次改名！京东科技筹备港股上市？刘强东的第5家上市公司要来了？来源：野马财经从“京东金融”到“京东数科”再到“京东科技”，还有多久才能实现IPO？作者|于婞编辑丨李逸明来源|野马财经自2021年4月2日撤回科创板IPO申请后，京东数科先后经历改名、换将、重组等一系列调整，如今，京东科技控股股份有限公司(下称“京东科技”)又在资本市场有了新动作。1月21日，证监会披露了京东科技提交的《股份有限公司境外首次公开发行股份(包括普通股、优先股等各类股票及股票派生的形式)审批》材料。1月24日，又有媒体消息称京东科技正与美国银行、和合作进行上市，计划于2022年在港IPO，募资10亿至20亿美元。同样是1月24日，证监会公布，京东科技材料审批进度，已达接收材料阶段。有行业人士指出，京东科技的申请一旦获得证监会受理，意味着京东科技或很快就可以在港交所递交《招股书》。对于上市消息，京东科技回应媒体表示不予置评。京东科技成立于2012年，它曾是京东集团拆分出来的金融板块，先后经历了“京东金融”“京东数科”这两个名字，2020年9月闯关上交所科创板，但六个月后又撤回了IPO申请。2021年1月，京东集团将云与AI业务与京东数科整合后，成立京东科技，并在胡润研究院发布的“2021年全球独角兽排行榜”榜单中以2000亿元的估值排名中国企业第4名。在京东科技计划上市的消息爆出之前，京东集团董事局主席兼首席执行官刘强东已手握京东(JD)、(6618.HK)、达达(DADA)和（2618.HK）4家上市公司，京东科技会顺利成为第5家吗？在京东数科撤回IPO申请时就有专家分析，这主要有两方面原因，一方面是金融科技公司监管环境全面趋严，受网络小贷新规影响，京东数科相关业务需要调整；另一方面，京东数科业务范围和服务模式都发生变化，金融属性削弱。而去金融化也确实是京东科技近几年动作的核心，从其名字的更改上就可看出一二。京东科技成立于2012年，正是互联网金融蓬勃发展，各类互金企业如雨后春笋般迅速崛起的时代。成立10年间，京东科技先后经历了数字金融、金融科技和数字科技三个发展阶段。2013年12月，京东科技发布了面向中小微商家的创新保理产品“京保贝”，首创秒级放款、随借随还、按天计息的普惠金融体验。并于2014年2月推出了业内首款信用消费产品“京东白条”，开创了互联网信用支付的先河，迅速成为行业效仿的目标。2015年10月，京东科技在行业内首次提出“金融科技”定位，致力于为金融机构提供科技服务，推动中国“互联网金融”行业整体向“金融科技”升级。2016年起，行业正式进入金融科技的发展新阶段。大数据、云计算、人工智能等技术纷纷成为未来金融创新的技术驱动力。而“数字科技”的定位和战略规划则是2018年11月首次提出，公司升级为“京东数科”，致力于在数字经济时代的产业数字化。彼时的京东数科CEO陈生强在京东金融内部员工大会上表示：“金融回归金融，科技回归科技。”2021年1月11日，京东正式官宣成立京东科技，将云与AI业务与京东数科整合在一起。同时，原京东数科CEO李娅云出任京东科技子集团CEO。虽然努力撇清关系，但京东科技的收入还是与金融有着千丝万缕的联系。2019年，京东数科整体营业收入182.03亿元，2020年上半年为103.27亿元。据2020年的《招股书》显示，京东数科将之进一步分为“金融机构数字化解决方案”“商户与企业数字化解决方案”“政府及其他客户数字化解决方案”“其他”四个种类。金条、白条业务，分属“金融机构数字化解决方案”“服务商户与企业数字化解决方案”之下。其中，2017年、2018年、2019年及2020年上半年，京东金条业务实现的科技服务收入分别为9.2亿元、20.88亿元、36.6亿元和26.36亿元，近三年复合增长率达99.41%；京东白条产品科技服务收入分别为14.73亿元、27.34亿元、32.1亿元和17.94亿元，同样增长迅速。两者相加，2019年及2020年上半年的科技服务收入分别为68.7亿元、44.3亿元，这里的“科技服务收入”与“营业收入”口径有何差异暂不可知，不过已经可以看出这两项业务的分量。对此，资深投行人士王骥跃称，“京东也是以联合消费小贷为主，新规同样影响京东，京东同样需要满足新规的规范性要求，所以会对上市时间有影响。其中，白条和金条都是消费小额网贷业务，也都会受到一定的影响。对于京东数次上市主要存在政策性风险，其他还好没什么障碍”。零壹研究院院长于百程分析，“蚂蚁暂缓上市背后，是蚂蚁高管进行监管约谈，公司所处的金融科技监管环境发生变化等重大事项。其中最直接的是《网络小额贷款业务管理暂行办法（征求意见稿）》的出台，落地执行后可能对占蚂蚁总营收比重为39.4%的微贷科技业务产生较大影响。蚂蚁的微贷科技业务主体目前主要是两家网络小贷”。于百程进一步分析称“京东数科也同样存在消费信用业务，也是主要的收入来源之一。京东数科旗下有“白条”及“金条”业务，白条主要属于赊销服务，金条业务和蚂蚁借呗相似。京东数科旗下有四家小额贷款公司，其中也涉及网络小贷业务，但规模均不大，其中最大的重庆两江新区盛际小贷，总资产规模在29亿。因此，网络小贷的最新办法对京东数科依然会有影响，比如在注册资本、联合贷款等方面，预计京东数科或者用纯科技服务的方式开展消费信用业务，或者根据监管要求申请牌照来开展”。如今，京东数科已更名京东科技，又传出了IPO的消息，是已经整理好自己，准备重新出发了吗？评论区聊聊吧。责任编辑：张海营
证券,A股大跌原因找到了！十几家基金火速解读,中国基金报,2022年01月27日 20:01,1月27日，春节前倒数第二个交易日，A股市场再度下挫。截至收盘，板块个股呈现普跌态势，两市不足300只股票上涨，超百股跌停，逾4000只个股下跌，赚钱效应极差。记者盘后采访了多家公募机构，包括招商、平安、博时、万家、永赢、光大保德信、前海开源、金鹰、诺德、西部利得、华富、博道、同泰、易米等十余家公司，对今天市场表现进行第一时间的解读。受访公募普遍认为，鲍威尔鹰派表态是当前A股市场的核心担忧，海外局势紧张直接打压投资者风险偏好；另外过去一年表现突出的景气行业，面临比较大的盈利前景和估值调整；而岁末年初机构资金的调仓换股行为也会扰动市场。展望后市，基金公司比较一致性地判断，市场的短期扰动不会改变长期趋势。春节后积极因素将逐步向上修正，负向因素将加速收敛，A股市场或有望逐步回温。事实上，当前市场已具备较好的投资价值，基金公司积极自购提振市场信心，也是用实际行动“挺起A股的脊梁”，释放出积极的信号。鲍威尔鹰派表态扰动A股周四沪指高开，深成指和创业板指低开，市场盘初下探后小幅反弹，沪指早盘险守3400点，午后A股持续震荡下行，沪指跌超1.5%并击穿3400点，创业板指跌逾3%，两市逾百股跌停。截至收盘，沪指报3394.25点，跌1.78%，成交3465亿元；深成指报13398.84点，跌2.77%，成交4764亿元；创业板指报2906.76点，跌3.25%，成交1906亿元。公募基金普遍认为，A股市场的调整是多重负面因素汇聚叠加海外因素扰动所致。海外方面，博时基金认为，美联储议息会议暗示3月加息、并表示不排除每次议息会议都加息的可能性，其鹰派程度超出市场预期或是导火索。招商基金表示，鲍威尔鹰派表态是当前A股市场的核心担忧。美联储1月议息会议的书面文件中给出的加息和缩表相关指引基本符合市场预期。但鲍威尔在发布会上表态鹰派，超预期的点在于他对年内加息超过四次以及加息幅度持开放态度，导致市场的年内加息预期上升至4~5次，并引发资产价格迅速倒向鹰派。鲍威尔上述表态后资产价格也大幅调整，美债收益率全面跳升，利率曲线走陡，黄金几乎抹去近一周以来全部涨幅，美元指数重拾强势，美股迅速走低。这对于A股资产的估值端担忧开启。金鹰基金进一步分析称，总体来看，1月美联储议息会议声明内容本身并没有超出市场预期。但市场依然受到惊吓，更多反映出当前市场对鲍威尔“鹰派”取向的放大。在美联储公布利率决议后，三大股指仍交投于盘中高位，显示议息决议并未超预期，而在鲍威尔的新闻发布会期间美股由涨转跌。可见，对市场预期形成明显打压的因素，或与鲍威尔相关表态有关。其中，鲍威尔在回答记者“加息会怎样在各个会议之间分布”问题时，回应“每次会议都可能加息”，由此被市场解读为“可能每次联储议息会议都将加息”，传递出“偏鹰”信号。此外，由于此次1月议息会议，并未对未来美联储加息、缩表有远期时间计划、力度安排，鲍威尔在面对记者时也传递出更多相关方面的不确定性信息，由此市场针对“不确定性”也进行了悲观定价。1月27日A股北上资金净流出超140亿，创下近一年来最大流出规模。对于市场波动的原因，永赢基金认为，隔夜美联储释放超预期鹰派信号，导致全球股市显著调整。具体来看，在1月美联储议息会议前，考虑到美股已经出现较大调整，市场期待会议释放缓和的信号，但最终美联储态度并没有软化，仍暗示3月结束Taper，最快3月首次加息，并预计启动加息后开始缩表。在会后，美联储主席鲍威尔并未正面回应加息次数问题，被解读成不排除每次会议都加息，货币收紧预期升温，导致美股由上涨转平，今日美股指数期货仍在调整，海外流动性风险叠加美股调整再次影响国内市场情绪。同泰基金也表示，市场现在最大的担心就是美联储加息，北京时间昨天夜里，美联储表现了比较硬派的信号，加息的节奏比此前市场预期的都要提前。叠加中国的春节假期，期间美股的表现可能对A股年后的市场有较大的影响，也是一个很大的不确定性。历史上美联储加息或者缩表“预期的增强”，都会带来阶段性的美股以及A股的下跌，加息靴子的落地或者预期的企稳，市场往往会阶段性的见底。易米基金认为，A股市场表现较弱，一方面是受到美联储货币转向的外部因素冲击，同时也与近期俄罗斯、乌克兰的冲突担忧有关。易米基金表示，年初以来，A股市场微观结构恶化，也扩大了投资者悲观情绪的蔓延。但我们认为，当前中美经济周期错配，央行近期讲话中已将“以我为主”置于“稳字当头”之前，宏观货币政策仍将以国内为主，我国政策偏宽松的局面仍将维持，A股整体估值受压缩不具备可持续性。诺德基金基金经理谢屹也称，“我们看到近期市场由于外部的美联储加息预期升温导致了比较大的回调，同时乌克兰局势也加剧了调整的幅度。”A股面临内外双重情绪压制除海外因素扰动A股，国内各种负面因素汇聚使得A股短期承压。金鹰基金认为，虽然近期地缘政治摩擦的担忧情绪有所修复，但国内市场而言，目前仍处于春节前风险偏好较低的时间窗口，短期A股面临内外双重情绪压制。近一周A股成交额维持在万亿以下，且1月26日-27日连续两日在8000亿附近，较此前1-1.1万亿日成交规模有明显收缩。信首席市场分析师常晓炜同样表示，今日市场下跌的主要原因是，国内外双重因素的共振，海外美联储议息会议落地，鲍威尔释放“鹰派”信号，并且强调3月份提前缩表，对海外市场形成较大冲击。此外，叠加A股临近重大节日，导致场内资金降低风险偏好。博时基金表示，越临近春节，投资者交易热情继续减弱，避险情绪进一步增强；再次，当前国内经济下行的压力依然存在，市场对国内经济的未来走势仍有疑虑。博道基金分析，市场短期持续向下调整，或由国内外多重因素共同所致。国内方面，由于经济阶段下行，过去一年表现突出的景气行业，面临比较大的盈利前景和估值调整，市场主体的年初调仓行为也对市场带来影响。当前货币宽松的操作刚刚启动，反映到基本面还需时间，从市场结构来看，在短期内没有发现新的热点或者缺乏相对确定性的投资机会时，可能就会进行自发的平衡，一些热点行业会向下调整来寻找空间。此外，博道基金认为，A股市场机构投资者占比不断提升，部分资金年底会进行调仓，可能短期内会是影响市场的因素之一。对于年初至今，市场整体表现较差、没有出现“开门红”的原因，华富基金研究部最新表态称，在前期基金重仓的赛道股杀跌的同时，稳增长相关行业并没有为指数提供足够的支撑。究其原因，主要是年初景气赛道估值高位，短期缺乏新的超预期催化，市场在寻找新的主线。而稳增长主线处在政策定调但尚未见到明确的政策落实的阶段，市场对于稳增长的预期存在分歧，主要在稳增长的力度和抓手上，因此可以看到稳增长的上涨并不干脆，出现了第一周上涨、第二周回调、第三周又上涨的情况。货币政策方面，国内降准、降息（LPR和政策利率），稳增长的货币政策正在逐渐发力，而海外美联储偏鹰派的表述，使得市场预期美联储加息进程或有所提前，美债利率上行，使得市场预期国内货币政策宽松的时间窗口缩短，进而导致权益市场对于国内较为宽松的货币政策反响平平，归根结底还是处于对经济的偏悲观预期，对稳增长的信心不足。对春节后市场适当保持积极乐观尽管短期A股市场持续调整，国内外双重因素压制市场表现。短期而言，基金公司对A股前景并不悲观，对春节后市场适当保持积极乐观。前海开源基金表示，当前基金发行已在回暖、自购也显著增加，IF、IC正基差也开始收敛预示来自量化资金解杠杆的压力显著释放，并且热门赛道拥挤度显著回暖。此外，美股大跌后标普500看跌与看涨期权交易量之比已显著回落，预示着美股调整或已接近尾声，后续对国内A股市场的影响也将逐渐减小。因此从以上几个指标来看，利空释放已较为充分，调整接近尾声，市场已处于底部区域。后续，伴随着风险偏好回暖、流动性宽松继续、景气方向的持续，市场有望迎来一波“像样的修复。”同泰基金也认为，短期看，市场最恐慌的时间已经过去了，随着预期的逐渐明朗，市场的波动会逐渐减小。投资最大的风险不是大盘的风险，而是标的估值过高，以及业绩缺乏成长性带来资产价格永久性损失的风险。关于A股市场的后续走势，市场分歧比较大。尽管受一些不确定性因素的扰动让市场走弱，但当前市场已具备较好的投资价值；经过估值消化后，一部分优质企业的估值已经具有吸引力，在3至5年的维度内，企业的业绩增长大概率会反映到其市值的增长中。诺德基金基金经理谢屹直言，“对全年还是比较乐观的。外部因素会逐步消散，中国经济内部的因素会成为主导因素。”平安基金分析，2022年开年以来，一方面对国内经济增长的担忧，另一方面受海外市场的影响，A股出现大幅震荡。如果从国内政府对经济跨周期调节的角度来看，流动性不用过分担忧。光大保德信首席市场分析师常晓炜判断，短期A股波动较大，短期来看不宜过度悲观。首先，目前国内政策相对偏暖，经济的基本面没有出现明显恶化，第二、A股目前对比全球股市都是相对低位。“第三，节前出现黄金坑的机会，有利于节后市场的修复反弹。第四，两市近期明显缩量下跌，对比去年下半年已经属于相对底量水平。综上所述，无论是短期市场的波动，还是长期国内基本面的稳定，对于后市都不宜过度悲观，其中低估值品种短期的下跌，或将是阶段性的调整，目前应该放平心态，长线布局！”常晓炜说道。招商基金认为，年前先调整反而意味着年后市场的机会所在，A股节前仍将呈现震荡格局。展望春节后，一方面积极因素将逐步向上修正。市场在经历了近几年的地产信用风险、地方隐债问题后，对稳增长难免存在迟疑。但当前地方两会相继召开，稳增长诉求强烈。随着省级党政机关换届的陆续完成，稳增长政策将加速推进与发力，年后无需对分子端过度悲观。另一方面，负向因素将加速收敛。当前市场正对海外流动性预期变化逐步定价，年前海外流动性预期负面影响正被加速消化，同时年后地产信用风险亦将逐步落地，分母端负面因素加速收敛。此外，近期投资者短期风险偏好已处较低水平，继续向下空间有限。综合来看，春节后A股市场或有望逐步回温。博道基金同样认为，市场的短期扰动不会改变长期趋势。自2019开始，我国A股市场开始进入一个新的向上的循环周期，而背后最大的推动力就是来自于大类资产配置。展望2022年，大类资产配置向A股转移的趋势仍将延续，但市场担心相较于过去3年，2022年流入A股的速度可能会减弱。当前人民币汇率稳定，说明海外的扰动，并没有真正影响到中国经济的基本面。同时我们要相信，货币政策和财政政策的逆周期调节启动后，经济基本面会在2-3个季度出现正反馈，按照央行“把货币政策工具箱开大一点”的表述，后续货币政策还有比较大的操作空间，而股票市场通常还会提前对这种趋势变化做出积极反应，2022年A股市场出现持续6个月以上中期调整走势的概率较小。博道基金建议，要敢于把握部分优质成长股调整过程中的机会。尽管受一些不确定性因素的扰动让市场走弱，但当前市场已具备较好的投资价值，博道基金于24日申购旗下部分基金合计1000万元，公司看好中国经济的长期稳定发展前景，坚信长期投资是分享资本市场价值的合理方式，尤其在市场出现“好价格”的时候，更应该坚持。稳增长在一季度仍有可为多家基金公司表示，稳增长在一季度仍有可为，同时关注美联储加息甚至缩表的进展、国内财政提前发力的节奏等。西部利得基金认为2022年国内的政策主线，年初调降LPR、财政政策持续发力、房地产相关政策微调均表明稳增长正在路上。从宏观维度来看，货币和财政政策等稳增长工具箱储备充足，政策持续呵护国内经济环境、流动性保持较为宽松格局值得期待。西部利得基金认为，近日公募基金行业掀起“自购潮”，用实际行动“挺起A股的脊梁”，担起引领价值投资的主体责任，释放出积极的信号。该信号背后既是机构投资者对A股市场投资价值的认可，也是对中国经济长期向好的信心。金鹰基金重申，近期A股市场短期的较弱表现，并不意味着春季行情的不复，或只是“躁动”的推迟。两会召开前，国内正进入“稳增长”和“政策发力适度靠前”的观察期，国内流动性环境偏向宽松。待1月美联储议息会议明确，以及春节过后，预计外围和国内资金的压制因素或将有所消退，后续银行信贷、基金发行等“开门红”效应或将提振市场。投资者们仍需耐心等待。永赢基金也表示，对后市不悲观，等待春节后国内进一步的宽松政策。海外方面，下一次美联储议息会议是3月下旬，考虑到2月美国经济数据可能转弱，货币紧缩预期将适度缓解。国内方面，在国内经济下行压力，政策大概率将继续维持宽松。在应对策略上，永赢基金表示，以半年维度来看，稳增长为主线的确定性较大，相关板块估值较低能较强抵御外部风险，同时也符合政策阶段性支持方向，需等待政策发力后的数据验证信号。易米基金也看好后市。当前，我国处于宽信用、宽货币的政策周期，“稳增长”基调明晰，积极的财政政策配合近期央行的“降准降息”信号均代表着政策在逐步发力，国内经济仍将保持向好态势。展望后市，分母端影响逐渐弱化，分子端信心不断修复，春节后市场有望逐步向上修正，投资者应逐步增强信心。华富基金研究部认为，稳增长在一季度仍有可为，未来随着政策预期的提升和政策的逐步落地，预计稳增长的确定性将有所提升，信贷周期从宽货币向宽信用的确定性将有所提升。未来验证的时点包括地方两会、2月中旬信贷投放、两会。从流动性角度看，宏观流动性宽松，信用在向上预期中但尚未完成宽信用，微观流动性对A股整体估值有支撑。不过，对当下而言，考虑到稳增长逻辑已经演绎较多，永赢基金强调，春节前后可能也很难再出现更明显的稳增长信号，若春节后出现货币宽松信号，成长风格或将迎来阶段性反弹，未来若美联储开启加息周期，全球风险资产价格或将再次受到波及。永赢基金认为，近期如下因素需要关注以下因素。其一，美联储加息甚至缩表的进展；其二，国内财政提前发力的节奏；其三，观察国内产业政策，包括新能源推动进展、地产融资政策、房地产税和消费税等。关注受益经济转型升级的优质成长标的投资方向上，受益于中国经济转型升级的新兴产业领域优质成长标的依然受到公募看好。展望未来，同泰基金认为，成长性较为明确的细分行业是资金关注的重点方向；旗下基金的资产配置依然以高成长方向为主，从供需格局出发，用产业眼光去寻找优秀企业，希望为持有人获取长期的超额回报。平安基金依然看好新能源车带动下的汽车智能化以及供应链重塑的机会，看好在数字化发展浪潮下的科技制造机会，看好CPI-PPI剪刀差缩窄带来的消费盈利能力回升的机会，看好能源变革带来的产业链的机会。随着市场的调整，平安基金表示，我们能做的就是积极跟踪各个行业和重点公司的基本面，力争在震荡市场中去寻求个股的阿尔法。西部利得基金引用巴菲特的名言称：“在别人贪婪时我恐惧，在别人恐惧时我贪婪。”本轮调整本质上一个非常好的估值消化和板块再平衡的窗口，珍惜市场调整的宝贵契机，重视调整之后稳增长板块和高成长行业的投资机会。在市场大幅波动之际，不妨多一份冷静和信心。博道基金称，随着市场的下行，风险也逐步得以释放，后续A股继续大幅下行的概率较小，大概率将延续震荡走势，结构性行情仍将延续，科技、先进制造、新能源等板块都将受益于中国经济转型升级，可适当关注相关优质龙头企业的投资机会。行业配置上，金鹰基金认为，春节前，在“稳增长”政策尚未充分落地前，A股资金风险偏好总体仍倾向于防御。短期，更偏向预期政策催化下的低估值“稳增长”主线，即银行地产链、新老基建链和大众消费等。而中长期看，新能源、军工等科技板块在2022年可能仍保持高景气，经此轮调整后，在随后的年季报密集披露期，业绩高增、性价比合适的景气方向或仍可为，当前调整或有望提供年内较佳的低吸机会。谢屹分析，“随着下跌，我们看到相当多的板块出现了配置价值，比如之前因为行业政策收紧以及恒大事件冲击受到影响的房地产产业链，出现了很高的性价比，家电、家具、消费建材等存在着长期的价值。其次，前期由于海外疫情和供应链扰动导致受到负面影响的部分出口型行业，以及在海外设立工厂的制造业，随着疫情常态化都会有修复性的改善，盈利和估值都有望回升。再比如长期增长确定性较高、目前估值随着大盘有所调整的高成长行业，比如新能源、芯片等，都出现了普遍的机会。”“总体上说，我们可以看到充足的个股层面的机会随着调整涌现出来，目前看是比较好的加仓时间点。另外，港股实际上从估值上更具有吸引力，同时其基本面大概率将跟随中国经济持续复苏，相对A股其性价比可能更大一些。”谢屹表示。易米基金建议关注成长性确定性高的绿电、新能源车和智能驾驶领域，可逐步增加风电、光伏、储能、氢能源和汽车电子等；业绩确定性高、估值相对较低的建筑建材、必选消费等优质蓝筹股也可积极布局。责任编辑：张书瑗
男子300万买全新进口宾利竟是维修车,预定宾利后涨价30万后续：4S店“最后通牒” 顾客说还想买,市场资讯,2022年01月27日 18:54,来源：1818黄金眼1“宾利”硬生生涨价30万后4S店发来合同变更通知书先简要回顾一下此前的报道。汽车销售合同显示，卖方是浙江合宾汽车销售服务有限公司，合同注明了车辆的型号、外观颜色、内饰等；还标明裸车价格是2936000元，配置价格是258289元；彭先生支付了三十万元作为预付款。合同还约定，交车时间预计为2022年8月30号前。当时彭先生介绍，最近4S店的销售通过微信语音通知自己的妻子，车子要涨价。彭先生提供的微信语音：“汤小姐，刚打你电话，没人接，就是你那台车基本上，二三月份差不多可以下单了，年前的话，你有没有时间过来，重新选一下配置，然后欧陆的指导价，现在也有调整过了，指导价是三百零五万五千，你们之前，不是选了配置二十多万嘛，厂方现在不是要求，。”彭先生算了一下，按销售的说法，裸车价要涨12万左右，选配价格要涨16万以上。当时4S店的黄经理确认了销售口头通知的加价内容，但他强调这是宾利厂家的行为。浙江合宾汽车销售服务有限公司市场部黄经理：“现在是因为疫情的一个情况下，会导致，因为我们这个也是进口车，我们的生产方也是在英国，它整个的一个（所以说这个加价是你们，经销商4S店决定的，还是厂家决定的），因为我们只是经销商而已。”彭先生夫妇不认可对方单方面加价的行为，把情况反映给了市场监管部门。之后，彭先生的妻子反映，上周六收到一份合同变更通知书，内容是“根据您签订的《汽车销售合同》特别说明第二条，您所购买的车辆为预定车辆，则车辆在生产、进口环节可能存在诸多不确定因素，如因制造商或供应商单方面调整生产或调拨计划、国家相关政策法规包括税率变化等，可能导致价格和配置发生变化，现您所订购宾利欧陆GTV8，在此变更范围内，须来店做价格和配置变更事宜，之前已多次电话告知。”通知的最后，要求彭先生夫妇在收到变更通知后的五日内，书面表示是否接受，如到期没有回复，则视为不接受变更条款，4S店会解除合同，无息返还预付款。彭先生夫妻俩再次赶到4S店。彭先生的妻子：“她发了这个通知函给我，对不对，那我就一直给她发信息，她一直没有回我信息。”浙江合宾汽车销售服务有限公司工作人员：“要不你们先坐吧，我这边正在联系（那王某今天在不在）我去问一下。”彭先生的妻子介绍，上周六收到销售小王发来的通知后，她通过微信表示反对加价，而且要求把厂家的相关文件一起发过来，对方一直没回应。工作人员介绍，小王和那位黄经理都不在店里。彭先生：“所有的价格，就是一张纸，一个销售来写的，没有任何的，关于车价也好，关于选配的金额也好，关于哪怕装潢的金额也好（就是现场没有公示出来）。”彭先生介绍，此前包括现在，他在杭州湖滨的这家宾利4S店，就从来没有看到过对方明码标价，而且加价不加价，加多少价，感觉完全都是对方说了算。彭先生：“厂家比方说，它现在价格要上调了，或者说是选配的东西要上调了，那这样的文件给到我们消费者，。”店员提供了黄经理的手机号码，打过去对方不接。一行人再次赶到杭州湖滨市场监管所。杭州市上城区湖滨市场监管所周副所长：“像这个情况，是属于预订款的，配置上面都有一些具体的变化，只要在购车的时候，明确告知他，具体是哪些价格，明确告知的情况下，。”彭先生的妻子认为，4S店的那份书面通知，给消费者一种不平等的感觉。彭先生的妻子：“它说5日之内我们要选的，接受与不接受，如果我们不能接受，它就要无息返还我们的预付款，你觉得这个，你帮我们看一下，我们要怎么样。”杭州市上城区湖滨市场监管所周副所长：“这个具体的合同条款，我们可能还要请教一下，我们局里的法务科，具体这个涉不涉及到合同的不平等条款这方面的内容。”2经理反复强调“按合同”“特别说明”是否违法浙江合宾汽车销售服务有限公司市场部黄经理：“我们现在就是按照合同上的，一个内容在做这个事情，我们就以合同为准（彭先生：厂家的通知能不能告诉客户）我们现在就是以合同为准，因为你上次也是说，以合同嘛，合同上有相关的内容条例（彭先生：你把厂家变更的通知，给我们看一下）彭先生，那我们有些东西是这样，我这边呢就是以合同为准，我们把一些相关的程序在走（彭先生：那，那，那。）”彭先生希望对方提供厂家要求变更价格的通知，但对方似乎一直在顾左右而言他。记者试图帮彭先生把诉求表达得更清楚一些。浙江合宾汽车销售服务有限公司市场部黄经理：“（现在客户的诉求就是，你说这个涨价是厂家的行为，他们要求你们把涨价的通知，提供给他们看一下）卢记者，是这样，我们刚刚也说了，多次沟通了以后，，因为如果说现在不走这个流程，我们怕到时候，合同上面约定的时间也无法完成。”合同约定，交车时间是今年8月30号前，对方急着要彭先生在5日内书面回复，难道是怕到时候无法按时交车吗？浙江合宾汽车销售服务有限公司市场部黄经理：“我们现在就是以合同上的一些内容程序在走（那他们现在要求，按照合同上约定的价款，还有交车时间来走）可以，就是按照以合同为准嘛（那按哪一个为准，按你们的特别说明，还是按原始约定的价款为准呢）就是以有法律效力的合同为准（哦，就是按约好的裸车价，和配置价是吧）以合同上的规定一些内容为准（我觉得您在避而不谈嘛，哪块内容呢，是约定的原始的，裸车价，配置价呢，还是后来你们要求他加的这个来）有合同，我们就以合同为准嘛（哪一块为准）。”这位黄经理绕来绕去，终于给出了明确的答案，就是要按照特别说明来，说白了，就是要彭先生夫妇，接受4S店提出的加价要求。这下，彭先生夫妇，尤其是彭先生的妻子，陷入了两难。彭先生的妻子：“这辆车我订了，我喜欢的，我想买的，我现在就想跟他们坐下来，我们怎么样把这个问题解决掉，按照合同去执行（按照原来的价款是吧）按照原来的合同去执行，对。”杭州市上城区湖滨市场监管所周副所长：“这个事情到时候联系一下吧，可能当面，能不能约到他们的一个负责人，当面坐下来，沟通一下，了解一下。”市场监管部门表示，下一步会请局里的法务部门，判断那条所谓的特别说明，是否有违合同法的公平原则；此外也会邀请4S店的负责人出面，跟彭先生夫妇俩坐下来商谈。责任编辑：李墨轩
折戟科创板,京东科技被传赴港上市：折戟科创板之后 如何再启航？,市场资讯,2022年01月27日 15:53,原标题：京东科技被传赴港上市：折戟科创板之后如何再启航？来源：科创板日报来源：科创板日报作者：张洋洋折戟科创板IPO之后，京东科技或将改道港交所。1月24日晚间，有消息称，京东科技计划于2022年在港IPO，募资10亿至20亿美元。据悉，京东科技正在与美国银行、和合作推动上市事宜，京东科技可能会在上市前进行一轮上市前融资。对此，《科创板日报》记者向京东方面求证，对方表示不予置评。同日，证监会公布了京东科技《境外首次公开发行股份(包括普通股、优先股等各类股票及股票的派生形式)审批》进度，目前已进入接收材料阶段。折戟科创板京东科技融合了原京东数科及云与AI两大技术业务板块，现已成为整个京东集团对外提供技术服务的核心输出平台。京东数科上一轮冲刺资本市场起点定格于2020年9月。彼时，上交所依法受理了京东数科首次公开发行股票并在科创板上市的申请，并按照规定进行了审核。2020年10月16日，当时的京东数科回复了上交所首轮问询，但此后便不再有新的进展。直至2021年4月2日晚间，上交所官网显示，京东数科科创板审核状态变为变为终止。彼时，京东数科称，此次撤回科创板IPO申请是基于公司自身发展战略考虑。在这期间，中国金融科技行业经历了蚂蚁集团暂缓上市，商业环境骤变，京东数科亦进行了架构重组。2020年12月，京东数科换帅，原京东集团首席合规官李娅云接任京东数字科技CEO，向京东集团CEO刘强东汇报。原CEO陈生强被任命为京东数字科技副董事长及京东集团幕僚长。同月，京东智能云业务并入京东数科。2021年1月11日，京东集团宣布将云与AI业务与京东数科整合后，正式成立京东科技子集团，京东数科CEO李娅云出任京东科技子集团CEO。2021年3月31日晚，京东再次宣布将京东云计算和人工智能业务分拆给京东数科，总价值为157亿人民币。完成交易后，京东在京东数科的股权增加到约42%。强科技，弱金融根据京东数科此前的招股书数据，金融机构以及商户与企业数字化解决方案各占近一半，其中，京东金条和京东白条分合计带来的营收占总收入比重不断提高，从2017年的26.38%增长到2020年上半年的42.9%。在京东数科撤回科创板IPO这一年，中国互联网金融行业进入深度调整期，这家以金融产品为支撑的行业独角兽，正在弱化其金融底色，突出科技属性。并入云计算、人工智能等业务之后，京东方面称，整合后的京东科技集团实现科技板块的一体化协同，致力于为企业、金融机构、政府等各类客户提供全价值链的技术性产品与解决方案。这与公司2020年9月向上交所提交科创板IPO申请时相比，重组后的业务给公司业务范围和服务模式均带来较大变化。目前，打开京东科技网站，主页为清一色的技术解决方案输出，用意显然。值得注意的是，京东数科此前IPO目标估值高达2000亿元。如果港股上市传闻为真，京东科技相较京东数科的估值有所缩水。有银行业人士告诉《科创板日报》记者，如果单从业务逻辑来说，金融+科技才有超高溢价，大数据科技带来的极低成本获客+极低坏账率，使得金融业务能够获取远超银行的利润，因此估值极高。“但拆除掉金融业务后，仅靠科技输出，利润不高且成长空间有限，京东科技未来以何种业务模式包装上市仍有待解决。”上述人士表示。(责任编辑：金戎)责任编辑：张海营
折戟科创板,成立十年叩门资本市场，京东科技重启IPO,市场资讯,2022年01月27日 15:04,"原标题：成立十年叩门资本市场，京东科技重启IPO华夏时报（www.chinatimes.net.cn）记者卢晓北京报道京东科技（原京东数科）停滞许久的IPO事宜再有进展。1月27日，《华夏时报》记者在证监会官网了解到，其对京东科技控股股份有限公司（下称“京东科技”）的《境外首次公开发行股份（包括普通股、优先股等各类股票及股票的派生形式）审批》已在1月24日完成了材料接收。这意味着，获得证监会受理后，京东科技即可在港交所递交招股书。而此前业界已有消息称，京东科技将赴港IPO，并将集资10亿至20亿美元。但1月27日，对于是否要赴港IPO，京东科技方面对《华夏时报》记者表示不予置评。港股第四子天眼查显示，京东科技成立于2012年9月，注册资本约为52.5亿元，法定代表人为李娅云。它的大股东为持股36.7%的宿迁聚合数字企业管理有限公司。但通过多渠道持股，京东创始人刘强东依然以近30%的持股比例，为京东科技的实际控制人。成立至今，京东科技已经两度改名。据《华夏时报》记者了解，2013年京东集团将金融科技业务分拆出来，成立京东金融，2018年，京东金融改名为京东数科。去年1月，京东数科整合京东的云与AI业务，成为京东科技子集团，并统一品牌为京东科技。去年3月，京东集团曾在公告中称，在以157亿元的价格，将京东云和人工智能业务剥离给京东数科后，其在京东数科的股权增加到约42%。如果京东科技赴港IPO成功，它将成为京东系第四家布局在港股的上市公司。2014年5月，京东登陆纳斯达克。以美股上市当天开盘粗略计算，京东成为当时市值仅次于腾讯和百度的第三大互联网公司。大约4个月后，另一家互联网巨头阿里巴巴才登陆纽交所。但2020年后，京东加快了自己的资本布局，并更加青睐港股。2020年6月18日，京东集团在港股敲钟二次上市，募资约301亿港元。半年后，再次选择在港股敲钟，募资约271亿港元。2021年5月，在港股敲钟，募资241亿港元。1月27日，截至《华夏时报》记者发稿，京东集团在港股盘中271.4港元的价格，下滑4.71%，市盈率(TTM)为26.36倍，总市值约为8441亿港元；京东健康和京东物流在港股盘中价格都约下滑2%，市盈率(TTM)均为亏损。两家公司目前市值合计约为3632亿港元。上市多舛京东科技最初瞄准的上市地是科创板。2020年9月，还未改名的京东数科宣布欲登陆科创板，拟计划募资203亿元，发行不超过5.38亿股，占发行后总股本的比例不低于10%。但随着金融科技行业的监管环境发生变化，京东数科的IPO进展一直没有新消息传出。而同样欲登陆科创板的蚂蚁集团，则在只差临门一脚时被叫停IPO。科创板IPO进行中，京东数科进行的人事变动也引人关注。2020年12月，京东集团宣布，京东集团首席合规官李娅云担任京东数科CEO，京东数科原CEO陈生强转任京东集团幕僚长以及京东数科副董事长。1月27日《华夏时报》记者在天眼查上看到，陈生强目前仍持有京东科技4.2%的股份。当时有业内人士对《华夏时报》记者分析称，这场高层人事变动，有出于合规的需要，也意味着京东数科需要重走一遍IPO流程。而在去年4月，京东数科主动撤回了科创板的IPO申请。从当时的招股书来看，网络贷款业务依然是京东数科的主要收入来源。2020年上半年京东数科总营收103亿元，当期归属母公司股东的净利润为-6.7亿元。其中，京东金条和京东白条两个信贷产品的收入分别为26亿元和18亿元，合计占总营收的43%。此外，还需要提及的是，2020年上半年,来自京东集团的收入为30.86亿元,占其总营收的三成左右。而当期政府及其他客户数字化解决方案，只占据京东数科营收的5.57%。不过，在整合了AI与云业务后，此次欲再次登陆港股的京东科技，应该不再是从前的模样。责任编辑：黄兴利主编：寒丰责任编辑：张海营"
2022惠民保大讨论,冯鹏程谈惠民保：既往症可保可赔倒逼行业制定商保目录,金融一线,2022年01月27日 11:29,站在风口上的惠民保，引来保险巨头纷纷入局，局内人如何看待“惠民保”，如何解读它所代表的健康险新纪元？如何面对未来的挑战和机遇？业内人士冯鹏程从行业实践角度给出了有价值的思考和建议。1、做基本医保经办的参与者。中国实行的是社会医疗保险制度，而非国家医疗保险制度，所以从这个逻辑来看，我们的社会医疗保险应该鼓励社会办、鼓励更多社会力量参与。“十四五”全民医疗保障规划提出“完善管理服务机制，引入社会力量参与长期护理保险经办服务”“在经办力量配置不足地区，可通过政府购买服务等方式，补齐基层医疗保障公共管理服务能力配置短板”的医保治理方向，这将有助于形成更加健全的医疗保障公共服务体系和多方协同治理的格局，体现中国特色医疗保障制度优越性。政府的角色是医疗保障制度和医保经办规则的制定者，经办执行可以让市场去做，让社会去做。从另外一个维度看，怎么评价市场主体、社会主体干得好不好？“十四五”全民医疗保障规划也提出了“建立并完善参与基本医疗保险经办的商业保险机构绩效评价机制”。鼓励干得好，就有更多激励，这种机制能吸引更多先进的技术、优秀的人才，打造出更高效、更便捷的经办管理和服务模式。2、做多层次保障体系的践行者。多层次医疗保障是个多元的概念，包括商业健康保险、慈善捐赠、医疗互助等。无论是筹资还是监管，整个医疗保障的治理机制应该是长期化的。商业健康保险，它和民生高度相关，保险行业也属于严监管领域，这也保证了商业健康保险经营的稳定性，是多层次医疗保障体系的长期践行者。3、做“健康中国”的拥抱者。党的十九大提出的“实施健康中国战略”，保险公司坚定拥护。疾病管理、慢病管理，是保险公司愿意去做的。保险公司希望客户健康，不希望客户过快的衰老、得严重疾病、过早的需要长期照护，这也激励相容。所以从这个角度上，保险公司是“健康中国”积极的参与者或拥抱者。4、做健康产业的推动者。在美国等国家，整个健康险市场的发展是和健康产业不断融合的一个过程。比如，联合健康通过大量收购与健康保险有关的上下游公司，形成一个健康险的大生态系统，从而获得差异化竞争优势和长期稳定发展。大健康生态应该开放而非闭环，不是所有的东西都保险公司干，而是要去整合生态，不断吸引新的要素、创新的技术。1、在市场竞争中走向均衡。“惠民保”是一个俗称，它其实也包含着普惠金融、普惠保险的概念要素。惠民保有望成为中国普惠保险一个很重要的组成部分。虽然目前来看，惠民保的价格低，解决的问题有限，但可及性高，它对年龄、既往症的限制越来越少，与基本医保形成了很好的衔接，与传统的商保也形成了互补，同时，通过互联网投保也起到了快速推广、扩面的效果。当然，有些地方由于各种因素，短期赔付率较低，但从长期来看会回归正常，当各种力量作用在一起，会形成一个合理的空间。2、用市场化的机制提质扩面。“惠民保”这么快发展，得益于两大红利，第一个是互联网红利，叫“互联网+”，第二个是中国政府强大的信用和动员能力，可以叫“政府+”。没有这两个红利，惠民保就不可能有这么快的扩展速度。当然，在扩面的同时要同步提质，让对“惠民保”有保障感，在需要时有获得感。3、在基本医保和商保之间填补空缺。惠民保类似低价版的百万医疗，因为价格大约在50-200元之间，差不多均价是百万医疗的1/3，同时责任也相对有限，体现为更高的起付线和更窄的医保目录外保障；另一方面，惠民保也类似大病保险的市场版，大病保险是政府主导的业务，而惠民保是政府支持、指导的保险业务，但它并不是基本医保的延伸，而是遵循市场化方式提供的商业保险。从国际经验的角度，中国的“惠民保”不是美国MedicareAdvantage，更像美国的Medigap，是Medicare补充产品，而不是竞争产品。从长远看，“惠民保”可能更多元化，才能满足多层次、多样化的保障需求。1、“惠民保”颠覆了保险行业的传统精算逻辑。惠民保和传统精算逻辑不一样，传统精算是用生命表、重疾表，再加上核保来做定价，如不同年龄、不同保额、不同身体状况这些因素，实行差异化定价。“惠民保”是进入后精算时代的一个里程碑，给整个行业的精算带来了挑战，这也意味着传统的商保进入了一个现代的商保时代。那现代商保是什么？定价不能差异化太大，门槛不能太高，有病的可以进来，生病了可以持续保障……，所以医疗保险要向长期化发展，这是一个大的方向。同时，现在鼓励为老年人提供保险，但更应鼓励年青时拥有保险。2、要高度重视“惠民保”可持续发展。为什么大家越来越关注惠民保的“可持续发展”，因为用传统的商保思路、用没有差异化定价、逆选择、道德风险、死亡螺旋来判断，惠民保可能会面临不可持续的问题。从惠民保的未来发展来看，目前100多个城市覆盖，但不一定每个都能运行得很好，可能会出现分化。比如，有些项目没有政府支持，纯市场化运作，可能慢慢就消失了，这也是市场化机制作用的结果。但总体上看，从实践中形成知识、经验和智慧，去推进“惠民保”可持续发展。3、既往症可保可赔倒逼行业制定商保目录和开展疾病管理。既往症可保可赔是惠民保的一个大方向。将既往症纳入进来是各种因素倒逼的结果，确实是有挑战的，行业需要根据这一新的形势做好应对措施：一是确保风险池够大。保险经营是大数法则，有足够多的健康人去对冲就能稳定地持续下去。二是制定商保目录。惠民保很多覆盖医保外自费部分，有了商保目录之后，动态将创新药品、医疗新技术、新器械应用纳入保障范围，使定价和经营风险更为可控。三是要强化疾病管理。过去保险公司没这么多既往症人群，现在通过“惠民保”，倒逼行业去做疾病管理、长远来看对保险行业也是个促进。从更长远角度来看，“惠民保”给保险行业打开了想象空间，一个大人群、老年人、有病群体的空间，这有助于培育更多客户买适合自己的保险。促进把我国多层次、多样化、多元化的商业健康保险市场真正打开。作者：业内专家冯鹏程火热报名中！“2022年全国惠民保评选”活动正在进行责任编辑：王进和
